-3430.1435154342103, -4901.3670780018765, -1902.1001008820451, -2551.7813846143436, -786.5467951216558, -3358.946896281865, -2540.0998342318535, -3142.9519788851294
-2419.1600302617962, -3245.1315016436083, -1025.3790055588913, -1295.1628169323672, 243.70494404029466, -2465.8117151087295, -1090.1847786093122, -590.868096677177
-1856.0517503190877, -2311.7158824563735, -616.6781125561563, -344.3016013126265, 637.2502898328934, -1832.1193655988975, -252.47216513287222, 1794.7263775055103
-1626.4583348296158, -1804.7516743604915, -391.02143542038465, 245.01677357280153, 765.5896941117345, -1460.8998817671475, 275.8680510852169, 3306.8983548599062
-1371.9409972926671, -1411.7919257613314, -292.9172250159685, 654.9383365892024, 907.556543675169, -1228.6137853355417, 602.4475191782836, 4751.515889066982
-1459.410543924258, -1261.8106497081378, -147.03675577792728, 854.7992066556642, 1038.2279867625236, -1092.9912226683455, 848.6628782071626, 6042.48616974122
-1301.8969506998924, -1018.7299819158231, -127.82786642773424, 941.1420028752888, 1120.5449201403292, -1118.9291173309687, 948.1750698946569, 7243.854566389989
-1415.8671445578173, -866.1222704430902, -38.86119371304107, 919.7054406925181, 1146.9766814782404, -982.1042410866379, 1006.406460802525, 8102.421011942764
-1454.7025922377297, -734.9657170420877, 17.407403415257573, 860.0243307580666, 1094.4961625027033, -787.3618142541239, 970.0381107650085, 8883.08281602814
-1263.8540765625974, -699.6883473494692, 90.61461366284321, 1034.4300341940357, 1200.6719175191824, -791.8752124591917, 1026.234225691148, 9359.668892936512
-1199.2414420480766, -546.4151413015115, 110.19569426381881, 1121.3259515209988, 1149.2575995038924, -626.2267734519486, 1051.937087217431, 9544.840754323382
-1012.7368742879253, -436.8224815176663, 149.94454082861574, 1107.584735776221, 1185.705597588702, -489.7978449860833, 1089.3496081111289, 9901.102191330981
-1032.3206529926542, -345.7881625701556, 101.25037478523758, 994.9173700881489, 1175.3224143374473, -378.95876488338433, 1038.5324498621394, 9990.12567616536
-993.0575298365351, -327.324079685941, 147.08033134759208, 1107.7401512996137, 1206.2289851615433, -232.33657513214675, 1063.6447219840388, 10229.316475318354
-1104.05055663125, -227.33474176588345, 124.33424878315547, 1048.4474049754454, 1224.4408637270803, -257.0175867705123, 1111.3344086096386, 10207.790875588174
-1144.3677909438297, -364.3776619415847, 106.29516747973992, 1104.9295277262288, 1240.4654328939139, -135.00585561097958, 1097.4956961191708, 10026.40565025398
-993.8894214195377, -323.81940463411536, 159.829180300544, 1193.9081128489588, 1212.3636876130731, -109.13714953663316, 1109.7457137333145, 10094.307011035853
-909.4184352385766, -268.99030618770274, 165.2341722928544, 1072.1234254900846, 1264.077570592801, -109.03062958633778, 1134.8951373793368, 10476.257879780405
-1005.1387378369967, -235.80673684343105, 33.34659827797023, 1045.8508527911558, 1275.536658583745, -98.91759133751233, 1108.1851164020254, 10200.010850709858
-1012.878076517745, -290.2699373010898, 162.96309389919207, 1065.0921180451626, 1227.9772409149984, -228.91885210285594, 1077.993173844527, 10431.230918439787
-1301.9436302405695, -312.2108896703453, 148.83677397502308, 985.5174389908661, 1263.15021770432, 2.3063371669006623, 988.6416661716376, 10447.149349397256
-996.9338337133364, -235.29041023657447, 205.78560189092764, 952.2593779574918, 1282.3403251025306, -201.27066683220912, 1109.571839027048, 10196.127784026286
-1021.0929360985589, -180.7271814687312, 216.56174873946563, 1033.8301071327844, 1253.5786895295068, 6.48454110840498, 1097.529852594625, 10318.794802868635
-924.106612438744, -171.82009925531048, 227.84639072576232, 1016.32593583581, 1258.539232993787, -13.240434780824996, 1058.8407684401677, 10324.769486682382
-895.4715200065618, -137.42268401697487, 252.85431610656994, 1131.9075358673126, 1065.8286053052366, -217.60332658642253, 1052.5198433460032, 10421.56695593085
-1098.6627584014016, -152.83159463355702, 91.14579029454615, 1160.381577440577, 1282.7111963199916, -125.67800050658452, 1097.9894106267411, 10333.017006303282
-898.3580099032519, -171.0092900980597, 150.72173020515325, 1191.0872106010554, 1235.7544582545286, -120.98227837430588, 1028.337344630034, 10419.577608049338
-913.8975585509137, -163.2963991900146, 242.71078399197424, 1160.8659167078713, 1264.9502109203513, -112.68397961115096, 1070.864359266292, 10404.870500257248
-899.8916782469621, -157.73248291238468, 278.2723981608669, 1139.2716403065401, 1236.6660402347738, -33.67022570393084, 1089.6667459728214, 10408.608625679379
-910.850983849385, -221.27375672202788, 221.9793047399654, 1157.4414842899846, 1279.723702517867, -107.53960605298425, 1054.5668728866378, 10457.596664278773
-821.3837819937661, -158.2106717242273, 237.81033886548923, 1188.9772643361914, 1257.0112352650485, 78.22233177315083, 1075.6856884328063, 10474.929314093311
-866.8100676743518, -293.6873225691251, 261.4401776251573, 1130.9648954186669, 1267.5594678996547, -80.80257821619256, 1096.6959745322822, 10262.652509708514
-974.8547444120143, -120.30642136260573, 190.45060072963471, 1190.4766911193854, 1172.1880145758635, -74.94155156109295, 997.5292684315514, 10482.240101931542
-1017.5559747563475, -204.11770670505973, 202.29370936891812, 1080.176636980477, 1274.7356507792147, -384.35179665338046, 1045.7132213697823, 10361.821991659943
-858.3319665167588, -80.68768096485667, 244.64941407063546, 1182.2889276729024, 1291.055380339038, -1.1796490203482155, 992.2007640702886, 10635.708340435242
-817.2076834818549, -166.64072589318354, 143.37423682555135, 1152.243046927386, 1297.4943222039967, -153.42141762899266, 960.4032736443174, 10484.951432050657
-843.721471970979, -132.92494693845106, 246.91125361802747, 1142.311650768108, 1211.1922341576264, 30.240553683304185, 1058.761240102312, 10484.879689502226
-910.6162513386716, -128.44591912443343, 220.89829186937243, 1081.0972290703317, 1244.8039277705511, 59.70010580208893, 900.7530092909528, 10295.875481742318
-821.7812737556623, -113.78275854588512, 269.422783558063, 1031.6406130121402, 1243.6373078458737, -54.84599817824133, 1028.6170086341824, 10559.211876282981
-831.7215383057066, -263.229900224403, 280.37570724542053, 1045.9410164581075, 1256.33895077139, 14.743604531289732, 1115.124897797964, 10307.383373894201
-871.0675149595655, -91.71528321500742, 152.12469347597005, 1112.2317019011566, 1216.3392036699681, 21.592019791052692, 1120.3687744415852, 10268.213384810233
-856.9228235402092, -98.53962364768628, 212.13305214137011, 1064.8081078697983, 1198.0333808342339, -99.43531245421235, 1084.5092152395005, 10462.779937429985
-866.3105350994349, -112.06466439644527, 85.69336805731265, 1128.0372089673021, 1197.1550187137664, 74.0709246050465, 1092.6500394218983, 10471.311285970707
-954.5757174389862, -207.1493663539382, 292.3441215973349, 1087.6811817992634, 1165.803634278695, -113.64119374279312, 1011.2839038806144, 10417.195299460574
-838.182942377604, -237.88625243510126, 278.0338526725434, 1132.834432193077, 1199.2069315663898, -129.81469689675748, 1019.2373743696247, 10323.026954906223
-923.3057171892156, -192.007728465384, 229.33067958783, 1194.9851962724163, 1238.588535964509, -175.21326370170817, 1046.021767391717, 10248.206049498107
-990.3236871969203, -168.82819111169047, 179.0108255046362, 1128.5867463998277, 1276.5111953217927, -28.207460767627197, 1030.558807630857, 10202.115760339097
-865.9494568692621, -157.53018307963225, 180.51956732998175, 1081.883216611631, 1152.556865518065, 65.2817533880073, 1046.4563608393626, 10352.389206746824
-907.3632988720564, -167.57922029943055, 189.430884281643, 1052.4121554941175, 1229.5375812583152, -160.97987587325082, 996.3407756402884, 10406.711062372886
-852.3696650706562, -90.28609211240646, 254.64467856885292, 986.8425295568911, 1136.7415999413388, -18.315781766912835, 1023.5153975503886, 10124.781570535413
-935.5398621933351, -159.1917737703967, 249.85900923353512, 1110.183476093204, 1152.0935634258803, -222.44784029238193, 1041.1564269178677, 10376.83435542367
-901.5886086541319, -110.19109837465548, 143.14876150618778, 1144.7609897548102, 1191.7590889095095, 6.351197111434386, 1007.7662198630152, 10296.39490274263
-828.9709425886962, -112.4083282922031, 211.94505733829797, 1128.6346310152667, 1259.0153819901618, 4.496758402381364, 1037.216611078047, 10331.943278134542
-817.2792229535179, -109.22438439300262, 331.48894593783655, 1101.9759423908592, 1235.6602347460666, 42.39360500838372, 972.5625275874215, 10341.276877080776
-953.9733391032754, -132.0548045691496, 304.4403212181322, 1039.1824213227094, 1224.080056794437, -127.01818879364464, 1026.570729244506, 10343.864329480506
-968.2149525378375, -149.08097159243485, 284.0028882001095, 1113.82807486439, 1223.319825935916, -77.83929469467432, 1028.4157829465178, 10404.702725043742
-984.1459795634031, -178.61183971053006, 272.012597852092, 1167.1091281898468, 1267.137676694361, -326.9393477995356, 1017.2913336829617, 10361.704715904916
-1004.923139302392, -244.99060721437132, 293.7080351229886, 1077.1656832472734, 1223.959856456205, -165.32627281046658, 1004.2569834467091, 10253.813632342484
-844.7223808435631, -77.1550932618005, 241.76733634154897, 1132.0125106103046, 1212.2587670764246, -64.94445912943904, 1040.3766652328593, 10480.837832653757
-924.7672375694415, -57.48936164196196, 239.0493661414825, 1122.9712687795866, 1160.1786589057322, -108.81513180057222, 1033.27527483768, 10406.69401744976
-883.2871125725682, -155.74956878367746, 263.8955357647078, 1209.77021862694, 1159.2988780630965, 41.228105327854244, 1071.914453705786, 10382.422819062202
-877.6317290275572, -131.4624730819889, 112.13607319684361, 1199.7403247533202, 1161.5699801527587, 50.48135029025672, 1058.354324339196, 10382.655800602948
-861.9339531845501, -65.34825100654813, 134.86489711006107, 1244.7253632423594, 1172.1497511654486, -192.28557243100687, 932.365045442912, 10379.195005350306
-899.8666177000564, -93.10470776161128, 289.19586852729935, 1213.9430301548757, 1186.0788676344857, -35.08454025413646, 1045.2670239111067, 10332.870483769075
-873.4477003542177, -99.0192181359618, 213.02751451970482, 1299.216054441933, 1190.2762174920908, 18.571770804730455, 1082.8987984190283, 10489.64545109814
-975.3333867578422, -86.79039484004589, 265.52538602333885, 1332.899525876466, 1206.4027908961011, 46.16638246216264, 1059.6209219500943, 10426.725120641844
-1179.2711843713384, -129.2331186432511, 194.61150143079195, 1225.8625200397257, 1190.533891604393, -207.0674368819191, 1084.1741665984507, 10591.808816699953
-842.3091901497894, -76.52029240776282, 153.6133105134014, 1354.8755053228638, 1163.8306350224846, -121.15994437975266, 951.6128420999107, 10510.961077206844
-891.8658136742097, -125.36018385510279, 150.68616215067357, 1236.964101139012, 1151.2103884696314, -251.36334740398632, 1096.4407765714443, 10543.396726286714
-1097.440948187581, -145.31400367160043, 270.9152947340655, 1326.9346589284398, 1215.6875343727825, -761.9861299078576, 1075.9406792343495, 10506.158342487535
-1035.005800107174, -111.63324707310703, 108.41169308883194, 1155.535748691374, 1222.4599465484257, -345.26239546168114, 1078.6496749041735, 10414.684871250804
-889.331016350128, -107.44482183973942, 176.29070421901883, 1154.0010488443907, 1200.2017116683276, -120.22185809086092, 1070.728100640515, 10443.262239512424
-962.491068096802, -182.33511815420712, 219.35678879840432, 1256.5473591245254, 1270.530244396823, -146.97349932563992, 985.5233589956053, 10330.321785773735
-921.6581302919577, -118.44223122868563, 212.77581705250446, 1206.6254219632085, 1182.4838769590874, -392.20745171095257, 1014.0349896594305, 10406.655629451592
-1004.5055668039745, -123.34900502351671, 198.38862462062488, 1213.4870612324994, 1142.4805868305423, -111.29694875208142, 989.5139195010948, 10363.079162723974
-854.2366024947673, -135.71883700491676, 83.15217332899998, 1203.8178220722227, 1224.5513381293163, -172.1151700719946, 1018.3033044678398, 10237.664454554148
-874.2673500570058, -134.4259849637956, 113.63669247739675, 1256.7107958541058, 1228.3585679085802, -219.99762080092438, 998.3224110189036, 10151.73426824161
-1341.5146870619653, -182.8074306148148, 142.12902484181853, 1162.78249369917, 1314.6457427313555, -981.737360258378, 997.6930946379184, 10299.513811555113
-1127.0560279225913, -122.06932926173117, 182.7192703623597, 1151.7877223634378, 1297.7651892545348, -857.0976102940226, 1003.5384230125911, 10498.561937083738
-887.6001539777488, -140.47955092049233, 284.05889465472126, 1223.8833723539233, 1268.6203485082765, -1637.4228017788303, 1013.6867788157948, 10663.354825591035
-846.8000332297439, -114.87761154879401, 305.46822156898116, 1171.9776375006802, 1289.438101796126, -2984.4385213368014, 1032.6301473588733, 10624.642304854524
-836.3864022251408, -141.09754466518848, 343.86807371341655, 1222.730488362547, 1272.3977157416157, -2686.844392051804, 910.9487895878541, 10531.260791271578
-908.2401692100863, -152.49575721328094, 27.990449527609275, 1205.597781643176, 1256.1153415146707, -4831.532530989203, 970.6962763155994, 10414.27208947423
-836.5485335415437, -176.60124548084397, 183.95632257295892, 1181.9095553222871, 1275.2955207103582, -2919.4797796232797, 1024.187585291165, 10341.721213930967
-825.2521261256128, -143.5711749025212, 238.92529384879236, 1225.633492175836, 1250.5822255386668, -5456.129036079412, 1004.1861031288332, 10457.942342846982
-928.5660568856445, -66.31195042695882, 17.264968189911727, 1245.8715776327579, 1215.5529847654802, -4607.688140429968, 1042.4805120681785, 10397.323812070945
-916.5481452333589, -62.558539487161816, 409.17410089278934, 1169.6622868138325, 1285.6018973373436, -12589.346995826776, 1029.921808172993, 10492.428588170056
-908.8714225137016, -105.82446159203367, 354.1042619757128, 1253.2060165558585, 1288.0930623943566, -8051.81349478828, 928.51994016633, 10501.08748353755
-1406.738390335732, -67.58410115155513, 245.04782756885214, 1218.5839862172234, 1287.8897565093125, -27603.29555273561, 1028.7792454780538, 10406.308180075453
-1057.4646757048206, -99.27952025343635, 225.59501327368292, 1289.957184272245, 1343.8137414022656, -9351.703701815772, 1024.8424825731847, 10334.882605286764
-1029.819653395749, -114.42681587160898, -8.365913398881696, 1283.439824644936, 1321.2564190434625, -18662.644608221766, 947.7420863117211, 10470.989866810804
-906.0156647753208, -145.85610525118176, 22.00579217421316, 1151.5938595418681, 1328.3248246933606, -6363.3250809065, 1018.3605786003001, 10280.978220671745
-848.5317443761071, -131.46890024571937, 288.76305357179064, 1204.9769588831334, 1258.9913324965314, -7210.337271462362, 1023.0428492775206, 10542.320665546575
-859.0430743126831, -123.02269097255412, 322.36180879593894, 1271.300691989087, 1329.353120849924, -3514.970368338945, 854.8863543875182, 10401.573833259235
-874.4829512831711, -215.12632822091425, 216.83044137756093, 1135.9464727818627, 1317.9589408803035, -4314.324277939257, 942.5504343762758, 10341.52361853963
-906.5177124645347, -119.34726388789741, 90.0456810738614, 1243.3502386231237, 1366.0724956918077, -2624.690361015676, 826.310030762588, 10133.67193003054
-978.7433424501698, -111.09685853795273, 189.6499485125925, 1194.0584503494845, 1277.5174582544305, -2154.1599471214727, 1000.8522105952603, 10452.2486626301
-898.3394244116986, -97.10428785078312, 356.1382993061172, 1288.9313521142572, 1284.683640833859, -2242.401137139682, 995.5076571640462, 10466.908532368168
-939.3706253629973, -87.20930114104316, 344.89295241289346, 1187.836716842531, 1331.1315327149446, -2244.1208174082176, 980.8685899331801, 10351.09980435539
-922.4668815779318, -57.611630406146794, 289.78262560819405, 1183.1420108075547, 1172.8653507296258, -2120.617105240355, 1013.8310662487262, 10494.662115412759
-891.8262211308343, -84.18512979604928, 345.63021479152775, 1231.6595929402674, 1273.004802161252, -2013.6616808465262, 965.4546549491606, 10267.5714817623
-998.0992954098776, -97.28194369972064, 219.0616868294713, 1225.7859513731225, 1299.5818186523761, -1974.8239178551808, 970.5298887780948, 10297.3177479711
-951.0680641636277, -112.97826087555222, -100.07952268962921, 1030.6638424188893, 1312.8023583281058, -1464.484731931893, 962.1479821038112, 10451.54672205823
-875.103852718616, -115.57051193658185, 400.70051209811874, 1144.4076265044648, 1270.6094346169386, -1126.986327044147, 945.4079482561946, 10469.406428779359
-960.1947165945938, -159.2158732986096, 342.596901610642, 1150.508444723928, 1354.219270397323, -1236.4973753997308, 1000.2157087144625, 10444.26728983098
-864.8536226837851, -228.44742969865192, 375.8294601316295, 1034.7188279311167, 1356.7417932950643, -1008.7098300780801, 1009.133327710347, 10439.00194195035
-945.620351045355, -210.86036204416177, 214.49839754704948, 1169.3644619819906, 1143.640479978215, -831.7993960901197, 1010.5291620121984, 10422.578905474687
-918.5145269692192, -118.7187455748451, 369.51229741597894, 1208.1996809630527, 1334.7236247324904, -1133.8095167002964, 1003.3284367083689, 10512.331180369507
-833.3992036806746, -117.52043967768297, 340.9731789471405, 951.1322654080067, 1342.8414800149774, -681.3553799735182, 1030.3793767146828, 10357.715472151875
-920.2573951034097, -155.7218313155124, 194.23314361904, 1144.821682843253, 1315.345422251113, -634.1119289608287, 1039.2314277436258, 10289.22073012078
-837.7862153896507, -207.66195840373297, -74.09828356240125, 1189.7098424995465, 1358.9576070541855, -673.5079250530795, 996.9216367819613, 10242.813246607904
-902.2587792388016, -191.764935616683, 237.10076379527018, 1119.6599715662953, 1318.2179657103432, -587.5554898215736, 1011.9868964148446, 10232.564306239621
-984.0931193116264, -120.33324760305044, -57.856272593283904, 1008.0921943665668, 1313.1069748952673, -469.79267383598057, 1013.3472028671131, 10211.576823870688
-818.5374717922857, -155.59499307646314, 133.02977069730164, 1059.9205141351551, 1339.6032143937375, -782.5956151633893, 1009.0807414027961, 10363.276444736826
-880.1819465229017, -168.48591221981056, -12.092893513063608, 1056.4849897342915, 1283.5761790340644, -845.8046608384296, 953.3865403006921, 10329.912849304248
-830.0671777980075, -83.94642733497517, -507.6790528188862, 1069.723801133894, 1335.6277873900958, -565.6149275197765, 999.8938047406983, 10323.36708535483
-866.8626520145015, -115.10997597870362, 42.536500994394004, 1013.2240689908349, 1316.4210977314756, -937.0704522946808, 1038.1040539466521, 10379.97537808134
-932.8869624706088, -96.38038998575227, -884.2318888266158, 1058.3900544130288, 1387.0709994301078, -1404.8334695688666, 1054.2992207773866, 10405.961456463912
-1106.7059843540003, -101.87959319996014, 125.41423001595035, 1065.63213415458, 1353.916906592267, -1672.978166757995, 1061.602108606432, 10473.881570265523
-1053.2623841712011, -66.30350242254944, -548.3402956222012, 912.5750855625391, 1230.3627917323574, -2778.184010736299, 1080.546522912066, 10665.02754334102
-1274.9793378174343, -67.98249602125235, -35.30810721829612, 1075.8063249828356, 1270.3158130357742, -3152.300770727807, 1080.7071968965133, 10532.718117408334
-838.0594185357501, -134.80171299570034, -52.30146625699477, 1203.7019497277813, 1361.9026588964737, -8863.602666101964, 1031.1231363138254, 10265.78426411435
-999.2369106186457, -193.1688635243789, -3.879047843030528, 1150.8853800184966, 1098.160734547191, -3751.233319821076, 1057.5269466996504, 10409.648563990573
-892.6795134656223, -158.23568691060197, 295.9295995612749, 1099.6897202235446, 1274.3029579287927, -4649.848505453683, 1053.6024741619894, 10401.756338594032
-892.9906829722676, -154.1488010588251, 238.62104550377444, 914.7129834408897, 1351.2788896886457, -2621.48712792343, 1019.9023639064449, 10381.91964771854
-1042.271410298791, -74.28828464468062, 273.36683697314504, 1148.1579144710156, 1346.5118329876718, -2485.5630056008144, 989.4185229819354, 10232.548004970713
-880.1759386764403, -86.43541876577544, 215.7458632957316, 1063.7840237615324, 1327.9553881448746, -1400.944453504951, 1008.6981822579216, 10357.363732166197
-829.6131446183108, -165.23024767359402, -241.23635949662994, 950.8198744222441, 1172.4048963409896, -1895.521350629659, 1001.5807764618999, 10216.488849877025
-954.3323266830888, -165.24710735030692, -585.1243769281378, 879.594889039676, 1315.8543440861347, -1676.0884462682404, 864.9497077973776, 10345.798874868948
-945.8495313153088, -128.8603497688424, -1728.1604779066301, 1105.2626064108636, 1261.155825258057, -2472.8261348819346, 906.7102956687359, 10384.230117826355
-914.6509731612322, -125.0426196846478, -767.2518647668683, 1061.1977641632868, 1276.9699086771839, -1943.201158139161, 1068.718481066767, 10378.181311356759
-851.7624328617188, -105.55896635119073, -1101.662304562388, 1054.2479288667212, 1340.3352650491518, -1739.613188078793, 1047.6093726007662, 10451.524645451485
-820.2752432303624, -87.03680370133644, -352.9798783178059, 1216.8703101220688, 1375.1648779600646, -1781.1671613955277, 1069.0793111810956, 10531.034206651962
-843.3475770910189, -127.14146603470206, -1108.4232671113093, 911.3161646977408, 1380.3558245815343, -1261.1044502571447, 1058.109965584818, 10305.803373814486
-940.2845571393563, -46.07900421081334, -182.57022470061057, 1074.9284212667849, 1355.3214564796083, -1161.8966039285797, 1054.5951812572814, 10259.183597384703
-1240.2440050936177, -171.6879761748154, 63.237839701996236, 1120.2739645876059, 1289.899950952669, -1098.6340340388483, 1054.241823666441, 10305.740142564331
-1106.037465693977, -78.459317827319, -24.163870237529284, 1039.6993413600728, 1351.3941959582717, -1395.1669903395803, 1046.5694104000675, 10396.415583037224
-870.8589013842852, -82.09081510969841, -378.11023074041384, 1210.0292393674438, 1382.2958788519543, -565.7041880224095, 1040.5841623781723, 10522.661012688453
-898.0961894351583, -90.74390778490894, 86.97181211431084, 1241.1974254108477, 1387.253622941963, -484.9712179587058, 1010.4216896355076, 10464.177349565382
-857.2207970644827, -99.8413004139238, 238.14131807519615, 1258.4022729118192, 1322.7928312738993, -555.8616567059624, 1015.8356265587464, 10390.211035321698
-871.5308474350322, -55.48674317748203, -121.37164739003667, 1197.2820068331537, 1279.5743806930607, -384.89506406856486, 987.8063293456811, 10474.375419530179
-997.049535645565, -81.77390710045852, -516.752177392355, 1089.8554587603282, 1303.8838043172962, -664.9860989210864, 1017.8488849690114, 10412.950051467604
-884.8227361852498, -87.37881939028995, 322.6392643180985, 1033.6670661251217, 1382.7220964628682, -879.391987249292, 975.844742348882, 10478.431641659032
-869.3177550732485, -58.721763822682156, 35.69144904158466, 1133.0250241825213, 1342.062233615429, -1143.2899719454713, 959.1991390209819, 10565.18303596365
-829.2433695594221, -87.3127210827527, 224.80715861133908, 1115.0923980710818, 1331.6897026049753, -1814.2825400737702, 967.7282730116926, 10397.684726130621
-915.1347788741613, -50.95389557778934, -406.64981595948996, 1235.5232089469152, 1342.8423015830601, -4316.163464955938, 936.3263192777564, 10561.095915060425
-913.8198606407562, -47.25372347625613, -155.01954844172076, 1236.3479733822571, 1184.8827381452595, -2222.9656108594004, 1023.9727946964061, 10489.30105598585
-852.9979852990423, -120.77337054887961, -380.36643217341305, 1136.2513321470472, 1352.6599739080425, -5075.2788843868475, 882.9619224124613, 10513.359236735861
-810.537936588982, -75.11447704092893, 196.0073803921011, 1174.1203818508393, 1375.3992542742062, -2484.472744854577, 990.3319577319311, 10530.136750590884
-919.9734103413412, -224.22252938228712, 126.65360688179643, 1196.3174529659457, 1301.170132854456, -3508.0137191458557, 1000.4588391397341, 10209.215626671197
-849.6801475017613, -177.06127129344117, 268.47344111200925, 1085.7704175192741, 1231.4722130113948, -3133.275311317192, 1001.9210052581823, 10341.295052462487
-878.6584375165269, -155.23621002605356, 247.15072426582307, 1117.2179330708254, 1329.6958246090555, -2154.026377457826, 917.4364148004462, 10319.429736927475
-1049.3075926566498, -119.94993457192206, 68.23363067013678, 1166.8903154464451, 1371.874761004734, -1329.017711017572, 1006.4881242171128, 10441.378726720104
-840.3840174855968, -224.98156285772833, 310.3470238629397, 1246.4906229512935, 1364.2641484502738, -1567.2336091451507, 1006.1130430805609, 10520.449600846963
-886.7597357799832, -113.5183336658036, 151.53597494332078, 1202.7289618729108, 1371.9079503760743, -1336.379292108642, 1030.93478573995, 10582.666926322763
-872.3778678511735, -86.76491212475408, 243.644733762175, 1183.3199837344494, 1382.5708969791306, -893.7757658990529, 1069.4311886596001, 10387.50186719115
-954.0064124541791, -139.47676516004438, -211.37029399414314, 1209.1509034616017, 1303.0281124072058, -685.5392105341837, 1105.4356417700417, 10254.411642522573
-887.5754935422503, -74.96544806824592, 27.46393734730882, 1258.0423104679114, 1311.2404929556785, -1476.1535725470621, 1153.1342254968624, 10365.172805633332
-1052.5570281291136, -51.526847649892375, 173.04272849124786, 1139.559486702486, 1339.6481221132208, -818.6550984141322, 1104.25986766113, 10255.560915864837
-957.0679425823644, -29.51810600953723, 59.573324668316, 1082.466091306251, 1342.6653732832183, -432.49265177844745, 1121.699237170535, 10269.1632754219
-1024.0651823527203, -93.21229074042036, 251.0310464107406, 1012.8079384272942, 1340.7287768858048, -634.2355651482586, 1188.5883309737276, 10388.269819447267
-867.8060252369196, -80.93815337158485, 64.93044224817699, 1149.6371187831994, 1369.4745078640246, -2185.2944829665053, 1251.530968488632, 10495.261886949698
-918.4809872475015, -89.73231884476579, 91.38658312462215, 1044.3562903097625, 1281.7646233807452, -2832.3943193567106, 1222.4048728969228, 10387.694772505798
-956.4944169914132, -155.4033452488115, 321.30545638435234, 1164.954786576649, 1361.4289154417822, -4415.670176958351, 1234.2215505525319, 10422.242153957286
-885.5117958483429, -56.45287084888725, 226.74241391640112, 1223.5480763372123, 1369.0146070452001, -3156.320808148847, 1222.1961275630006, 10105.086083326094
-847.6569325868923, -70.59825120500538, 170.89322545349467, 1295.7363926479557, 1245.9447496458674, -4559.5107826127, 1195.6391494246145, 10503.900770729688
-1016.5425041943338, -67.61911464110742, 377.47807750788746, 1299.656129306454, 1351.8356536700508, -2939.0669722872126, 1283.6345659466003, 10280.045347423857
-918.8615999074408, -129.95218978630507, 253.13173800126808, 1246.1464601601856, 1284.5579648619419, -2902.7010350247015, 1239.4330756616512, 10377.071359692702
-799.6063400491903, -105.48672033987978, 185.24216453948435, 1215.8749935089284, 1350.8701202358145, -1286.0842227373703, 1243.4534717765848, 10513.297867174839
-1078.6242775139149, -96.54790320319621, 36.42331151824005, 1356.0090481328955, 1319.4805550042736, -823.8513736698449, 1289.5820537252923, 10460.971310241954
-818.3292577489049, -121.40295987628167, 58.63932764576887, 1292.8994593716034, 1308.2982643003575, -733.1508925918623, 1308.5806188258875, 10448.876243134302
-888.527833125663, -183.3161458068662, -1089.6321897950627, 1129.3598017129668, 1224.3990591775255, -467.4907282007776, 1240.2243801186887, 10520.121059626057
-828.4134583860867, -124.25824367383305, -81.79590940125806, 1263.7355106267526, 1247.8943406626556, -490.4058179542023, 1218.169349865961, 10412.142291259934
-846.4908376917629, -117.46091034468988, -630.9940471656486, 1243.5890707904073, 1286.9288164781726, -914.1716844732289, 1320.0751127555138, 10313.375234575049
-822.6822286955189, -151.1158899077442, -227.8833014993883, 1250.1945431985455, 1295.658154699594, -712.863796274674, 1194.4437937153432, 10606.271319251075
-894.7606952646488, -45.109039012663374, -1139.202552847899, 987.7199564780462, 1350.6495991426718, -875.2719195550821, 1247.7377482949673, 10460.760087150127
-918.5447842827994, -30.04187584337106, -251.54602062465665, 1126.0421510414083, 1367.4835908995708, -1846.0173064467872, 1230.1528240584196, 10190.39940738046
-824.2428594153772, -256.4901376224189, -656.4201116066005, 983.114473611367, 1304.608527073582, -1233.8792949228089, 1288.447580988905, 10561.576363226051
-940.8370581138607, -71.54522749557465, -698.3278289734598, 1244.0728908177803, 1232.0502907162518, -1339.2230742499064, 1274.579895711792, 10435.133367892322
-819.9234914010359, -80.73488944775735, -972.4041139892191, 1210.2582391793644, 1283.5334752446718, -1645.9247927953013, 1304.3886401431316, 10461.864198536196
-932.2202174935561, -19.575771934211744, 114.97419656096358, 1189.5335331319209, 1301.537249378187, -857.4541110543981, 1284.6648117741702, 10482.093554068704
-897.5824563970551, -57.64577613567091, 65.59978632150572, 1188.9526590206738, 1300.0516085833196, -646.1654346130202, 1192.0119863070504, 10450.769914776489
-807.9794135025744, -57.892868021008034, 319.21917240588493, 1270.1182819247172, 1326.2063728746964, -1002.8202498414096, 1259.5309561733266, 10302.656258459072
-880.2601173678446, -96.97099692009954, 300.8921560848456, 1174.7250693284436, 1238.7380348476036, -1012.8939045767692, 1222.255851534047, 10379.78619044813
-899.9562684359587, -113.02103728223945, 88.12600600499663, 1268.1708231621976, 1385.848413466989, -1572.9935768524053, 1282.551457247571, 10398.433535445296
-818.9967447807708, -87.67072502931944, 251.9174359295144, 1189.0770537421554, 1329.433891460872, -2074.6950912230695, 1266.83662195797, 10555.681272843012
-933.6189083295675, -143.81106146618743, 109.06413819950512, 1076.5384102535995, 1241.1844779753899, -3955.807873279394, 1229.1790773271885, 10420.238878383532
-869.3381976069934, -67.01158840218092, 70.82844504962358, 1177.3987958106752, 1333.253685585492, -2324.071488752154, 1174.6225779442423, 10528.047219204967
-821.5020476985532, -193.44937285799477, 232.8575574254133, 1117.3987635786664, 1360.3901542044289, -6240.182529245557, 1166.9934157175983, 10282.056590678005
-895.652985703316, -108.50136557282119, 107.16688277157708, 1016.2555783059845, 1346.0169290623946, -3695.5050563628065, 1012.4801514840806, 10496.229648097096
-913.7457268208377, -159.31387425672347, 209.04930092830404, 1131.5337063452992, 1244.024811400672, -6886.510217203286, 1233.0148916452208, 10393.480584618048
-793.235878413249, -111.62228167369811, -223.31156075475053, 998.4084526681992, 1222.4309954747196, -3818.6389221181576, 1139.8793938445824, 10510.748839705291
-826.2756304271073, -160.02712659845454, 458.9857572308465, 988.6143152935392, 1196.6247798552668, -5893.760984010181, 1149.219361924156, 10501.847785073967
-945.2243091541966, -162.03538108854204, 335.8345454560976, 1184.2670462649708, 1250.2677502878762, -2601.825060683075, 1201.850789703474, 10312.661622470127
-858.0069040956654, -152.6354254880237, 202.46050762422746, 1169.5089293828985, 1229.5497405241515, -2257.427956967664, 1191.3492823703245, 10351.603972330187
-981.3789055884644, -164.442234682234, 122.14753685316946, 1141.2301447899936, 1015.3636947345906, -1602.4088991619124, 1193.3761817264647, 10388.790179535685
-804.1904670615866, -78.67668852179261, -489.86618494823944, 1072.833845263685, 1168.5184926310665, -1662.6453947876814, 1243.7208285065224, 10431.570099344957
-811.2875662094474, -72.59475454751122, -1107.275056265281, 980.6391529248142, 1294.7835683975845, -1234.127950056934, 1273.4904924939071, 10418.83828163397
-839.6472857153107, -79.88439250856793, -914.3565699296249, 1078.072795620241, 1310.6920417773465, -1378.3314994680447, 1313.3432465689261, 10570.821613261078
-779.728741834753, -95.84051389293062, -2994.2435490078533, 1061.0178465686372, 1318.31530586773, -1323.0302501373944, 1312.941112979662, 10282.553766732846
-804.0729733148115, -26.997122486517526, -1358.6784893746221, 954.2365374013103, 1318.5357046874597, -1206.0373386879314, 1277.157240553474, 10476.894420374832
-816.2221792318122, -77.40281342842465, -3879.5747676991996, 1237.9166317393356, 1206.2573917838452, -895.1202004488703, 1313.1664938689996, 10276.1002703501
-931.4742286582151, -41.94399642190907, -1302.2682386150711, 1200.3412838935772, 1357.4761995829065, -1091.7908763612995, 1200.622288598319, 10209.931235648686
-1020.206626088956, -126.9819197255717, -1941.4616701838586, 1086.36216146102, 1362.4866405018454, -800.2804381038692, 1277.7270387353344, 10417.660056542965
-885.7253527098832, -202.496412078, -556.0328345122994, 1159.9821960513677, 1290.2499513237883, -1036.2659510912442, 1233.151453845444, 10535.72611022403
-817.0543048122606, -109.8975394972086, -1168.4524464685264, 1166.1190160277292, 1266.830725745131, -1186.9127639218138, 1193.3213239866434, 10465.874046016099
-921.3305196231408, -128.21955772839496, -156.28622631137125, 1093.079546125945, 1320.0107497172744, -1732.4026908304631, 1274.6587574505975, 10439.59876456076
-861.1045030537343, -24.3570288603308, 352.5097629169858, 1104.4895266623141, 1329.570459120532, -1414.375439823383, 1209.848905586809, 10177.000500596068
-884.8658814895969, -64.09847946241234, 208.3005393516858, 1242.7355812467083, 1340.6574224701992, -2225.207688340414, 1274.8707130423377, 10488.812455647098
-806.283149677222, -52.57273635253155, 199.91804690116334, 1326.0702609843536, 1292.9225335545686, -1693.0811667145558, 1281.1347327883664, 10534.8567221645
-831.0276600101907, -198.09475777970727, 243.64661275468575, 1133.4213180362167, 1241.3216027209332, -2274.773632028781, 1220.6606242759822, 10374.591862665298
-916.2613473393629, -134.0526400216558, 211.93450154492803, 1222.0151574023741, 1343.9135884073312, -2153.475683802301, 1289.0755872252553, 10516.533761424587
-924.2045395377199, -117.37347961182132, 346.1620073336256, 1164.0276247517131, 1345.6402148596908, -3465.617731361817, 1256.7842708952635, 10259.180779732236
-875.599196985277, -84.98060091302773, 199.99802949932402, 1189.0615247359856, 1303.312932391078, -2330.2704181053487, 1306.2446952300938, 10489.374250704226
-818.7856646548089, -159.77704927924484, 106.49707242877567, 703.4738470956601, 1309.6378648045206, -3904.495757270169, 1291.274530093525, 10522.741058370771
-870.8469855570753, -150.56881291680446, 297.32794322716126, 998.7661752984889, 1221.8079637660746, -2263.137855729005, 1276.5148088600672, 10627.567016261268
-860.1426514770245, -117.87727922409316, 354.08004426975833, 1015.0206365804078, 1250.208116672731, -3246.711705555565, 1306.7799851311115, 10677.001196497466
-853.4765092165794, -136.73423961562736, 198.1439799135068, 1232.8834806355287, 1260.0488516513587, -2170.1510851108624, 1203.3593961534473, 10495.858365097154
-799.5757204361812, -162.8057722303846, 374.5141173163291, 1225.9082583840282, 1281.3018065583299, -1929.7418052640044, 1226.8187803293845, 10532.612508089043
-796.2879967044657, -89.20205516782336, 266.6760947613871, 956.3524856381849, 1254.6095242393712, -1291.126766747813, 1262.3314079013185, 10416.324258101633
-990.1527433603519, -96.51155236526483, 321.91182813193996, 1209.469969130973, 1246.1908209060148, -1079.142959223062, 1244.6747425854142, 10284.84177218047
-1024.0994224242213, -91.46447352806848, 250.6537944039876, 1053.100366796776, 1269.7445220926843, -1202.5771073926126, 1268.402683217518, 10345.79805003941
-858.921786905483, -77.88229302693372, 352.64839365187163, 1054.3166143310423, 1324.4245486494262, -1174.6594249071343, 1262.055921444891, 10395.527220641256
-910.512826086526, -71.83873592949512, 382.9260324791659, 1011.8911468951881, 1270.2339312987958, -818.3791539132033, 1186.2621736062013, 10383.369482783231
-842.7508212231396, -145.2293191802683, 208.67553722846975, 1014.1703377364145, 1291.3253505537632, -615.5896208683023, 1295.3377557264778, 10351.640352303673
-864.2875668464065, -135.60670030147412, 310.39721881553663, 975.5692134358187, 1336.1171220546796, -488.846305790423, 1169.6345940580704, 10368.017233347044
-917.5499594300036, -51.9864882022176, 416.71458267105686, 1201.7757601491335, 1322.8464189940814, -472.9870313282459, 1167.0897354860824, 10443.98590133437
-907.7639422779735, -98.21738785933026, 325.3914615800625, 1286.6699666266309, 1337.4254277003895, -583.8407582986665, 1284.9282411735392, 10432.246579357316
-895.884315033577, -244.96212604541114, 249.5984418897631, 1264.032553535723, 1388.8178637369924, -151.08955417853983, 1211.6168381519133, 10361.058274862964
-836.468718225634, -70.0005876778931, 72.40676244700792, 1111.927387808647, 1363.388480705862, -182.8212221449951, 1259.2517750085349, 10456.832402210064
-872.0852750836717, -111.23342814919236, 400.31572638795456, 1135.260045323024, 1354.4971877503924, -185.0833523020557, 1211.7120045723552, 10361.590367900333
-862.858032553592, -57.34850970816876, 326.3116443343693, 999.9091236313691, 1316.9393157429083, -507.9936845020504, 1275.072497877808, 10371.256679748138
-816.38867674781, -55.947515107923415, 413.3200777231266, 1070.7007604236514, 1302.655305276539, -455.11052044715865, 1262.5437222042654, 10410.696751284902
-926.9743135976742, -65.47527633787138, 201.5895089419534, 664.9132953164983, 1332.6422339253234, -450.1764164537326, 1232.0651522264707, 10275.504795174378
-878.2535050410415, -106.68972509127268, -27.409778066221225, 1056.2474964940232, 1230.9937145245374, -1076.6083417751502, 1260.4017599235387, 10194.87623702583
-817.0892409918712, -115.41022801697491, -241.20600012237944, 1009.3149250606473, 1231.393159131528, -1075.7886958157064, 1281.4947991923061, 10392.729930269428
-948.1222056595913, -104.65732560528473, 166.73026873008658, 1226.8662207613042, 1282.1761240522746, -1268.20768909497, 1303.9850555531345, 10399.118133526848
-938.6565190404167, -109.16083490366735, -312.38889944675293, 1192.8871087541418, 1309.9945962720521, -1779.6478351728147, 1280.540742414818, 10148.127626147056
-1008.2821159909138, -109.4788464154473, -57.711011173891976, 1161.894462502442, 1303.1005993983247, -3185.11624094226, 1303.8973185764476, 10350.503028136967
-961.9201132801467, -131.28235550355146, -269.54686167978207, 1152.3593857750186, 1218.0220827049754, -2799.8693569142697, 1315.4358509845442, 10447.084503204282
-968.2376608921877, -115.08807000192685, 149.24500757332697, 929.3743145849618, 1355.9594034929414, -7742.474012217179, 1289.5166057498393, 10369.965783012347
-953.1527486337809, -157.0532476121671, -627.363077576794, 988.9548895220107, 1302.0776769358497, -4000.530971828924, 1312.5254706559606, 10438.950036561464
-811.4358743671525, -96.4038647110655, -302.26720556542745, 1000.6711158968574, 1298.5157960148044, -8854.644790068824, 1283.10394517332, 10410.544648568573
-818.9630732462806, -26.7926571495608, -33.708218703949136, 1084.4143180272522, 1260.598425442922, -3578.438705816654, 1296.1940738699734, 10366.384637091387
-983.1738088626042, -68.97633157561717, 115.97779410796478, 1086.4169061544017, 1241.7259069922804, -4124.145736470994, 1269.4717690389284, 10360.838554776303
-1002.324328417044, -96.02454485954513, -827.303565562431, 1196.6367632473796, 1269.2061346793257, -1854.1840007784667, 1260.2665147356001, 10388.756296699641
-923.2576379200702, -107.21224882932526, -6.697173208281299, 1109.2863319139474, 1299.345446925932, -1885.0642424496205, 1121.071833223408, 10216.801985944123
-922.0120560491479, -80.26803517629497, 84.59128053550066, 1009.8369674081014, 1269.8673579368435, -1731.4123534551543, 1281.8390553738643, 10487.150660535568
-834.0847503024132, -47.233741559593845, 221.47656344822667, 1189.4904903476818, 1250.529995280018, -2554.326799404587, 1271.1796789343243, 10310.71139455911
-816.3309252920562, -121.53747915716366, -56.12468834241297, 1121.5155419889163, 1288.792309737496, -1572.4314220940396, 1300.5055354448782, 10291.643001796912
-868.6426520987312, -97.31790360370674, 169.11968407853882, 1148.4149157459635, 1314.1748446997403, -1427.666362534154, 1217.8476679514492, 10349.700659709479
-1007.6890386420879, -84.56923873007158, 66.38155096712329, 973.7968263781175, 1223.443758341966, -1470.593496351783, 1236.9695609424616, 10367.024813095322
-906.2840350099817, -89.90122516868247, 123.71203544248675, 1052.8194382276135, 1290.329585903288, -1553.6914567840627, 1323.5518396333223, 10159.400753205286
-919.8816733915125, -253.54741011585457, 96.25001022157015, 1063.0571041679204, 1347.8978786079963, -874.6711020323446, 1276.0389336084831, 10287.84480618642
-836.1426982383634, -49.08680326544423, 10.804312700079292, 1020.6223229668955, 1341.8309374303449, -607.6436505828042, 1242.4698662742856, 10214.0773807817
-855.9699446474824, -90.89529353594688, -324.3648613369948, 1052.4594614824032, 1304.106616846462, -444.0393217181738, 1269.237752468466, 10389.34299883056
-841.3902015605901, -52.55219909662777, -1251.042332651112, 1081.8197129074488, 1231.352533679531, -498.05498814442666, 1286.2304084257482, 10380.419850322352
-934.4957545860431, -2.0683717022615378, -682.0552578002394, 798.708043211163, 1366.0541674146025, -373.0618002886229, 1320.3250710183388, 10317.855409744017
-960.6967603924239, -14.4473231434825, -1778.0785744537645, 1019.0488486530166, 1314.779442364839, -458.2450065919075, 1269.9900694450969, 10490.798804642627
-1053.0693025398684, -0.9095938626392733, -397.1813744660818, 951.3634390869915, 1227.499095903592, -384.30546431134286, 1249.3453000714653, 10516.791652673895
-899.2797847188251, -141.99492906900207, -522.509894195347, 1085.7717151876025, 1327.0082527149686, -496.2859792820759, 1322.6434824662795, 10639.132939846984
-935.9683838241223, -46.68982598696411, 108.65944344418752, 1109.0480838208505, 1286.063344274335, -238.28266747267605, 1302.678601460656, 10392.117297549175
-1078.1937341970586, -183.42717036768317, -161.84029724574333, 1104.5669561058244, 1289.0909420107298, -97.80125098507699, 1239.2867557061759, 10559.271985423155
-914.8746584354866, -99.98781809607188, 149.35887979865748, 1068.9107965866003, 1316.753791095971, -163.00109705516655, 1317.5940858533072, 10452.568638604002
-846.1377837427344, -73.79708768947103, 243.01805118668094, 1012.1002173963369, 1353.4173598954026, -395.7712304250107, 1300.2796811945655, 10503.992992718291
-831.128966729508, -61.13563969960352, 250.89347377804089, 1254.7021409866377, 1319.4927470821651, -596.2922628247949, 1297.8778672897051, 10347.317898752422
-927.269262860639, -83.71095651302724, -483.7865357062193, 1191.6171733415738, 1351.2806626869947, -514.7071253571727, 1158.6403835045166, 10339.24097560063
-937.1077440918826, -148.11740575761092, 16.534109700656366, 1210.1793973202273, 1239.018172127048, -113.66772984995607, 893.4017221520809, 10290.28335422013
-1029.6872353031317, -54.913337432095126, -43.67168601937824, 1162.1649328355277, 1292.7158016043136, -239.55821479722795, 1199.0332991505643, 10439.432058364928
-869.2945760848016, -48.05057787893556, 6.265802878491047, 1152.0176691448012, 1258.6232536465918, -454.43900443569214, 1236.0899757781567, 10492.926337561063
-996.8140163020907, -52.54305759839253, -176.01751495130216, 1164.4368477252144, 1319.6804638384801, -318.686408116514, 1244.160130289169, 10633.719768517967
-848.7576335932204, -37.62150102264849, -560.3768294756014, 1178.7380180326859, 1187.501374977625, -11.069452719178456, 1281.0698048520646, 10522.927980300667
-921.2840873029829, -45.62799833709022, -411.0689310683884, 1063.1699663788545, 1376.8108213428764, -99.00207834007124, 1273.425393178963, 10496.426369241017
-838.0107421022556, -133.95965793896954, 7.904267083776265, 1119.7094032214084, 1374.5150285432471, -448.6740679360909, 1274.5546002468757, 10405.936466379191
-864.939425466723, -55.4731536475883, -844.3123415302432, 1072.0443145097247, 1263.3728312739886, -534.5514053842777, 1255.1901782624714, 10459.838296587925
-836.7161572847332, -242.89964514782952, -608.2664572810977, 1142.7588945952787, 1309.7730969137133, -1018.3594100784535, 1299.5903536302349, 10430.258453026374
-910.0056386630187, -92.13761183744315, -691.7909623317043, 1208.000452712787, 1273.6367543171625, -1981.3999084045058, 1280.0931774800674, 10465.483578205374
-867.5706712485303, -71.5784026175548, -119.61902388938958, 1080.1956182701804, 1353.055870304623, -8522.581541231051, 1105.4050269492134, 10388.857746263866
-884.2821256686825, -49.09653985293374, 89.85113823501898, 1084.1735227958134, 1380.909143099394, -4771.358619110105, 1147.167730778493, 10355.405641572243
-1038.7991253013029, -39.44480075491415, -289.61211016261046, 1088.4796512514588, 1324.2379910842728, -6775.807343640598, 1198.9308667125315, 10365.190644498902
-963.0316631151135, -97.53301518304542, -926.2546175960925, 1112.2229799826266, 1047.826626003399, -3747.527879398678, 1207.7980911709615, 10416.589030339854
-939.799339039317, -31.360953912150215, -72.78418730702246, 1037.3937617783013, 1367.167477585246, -6798.762939313314, 1299.816014934932, 10339.109157207673
-799.7776972653057, -78.11679594985485, -556.503357477657, 1029.742526472695, 1333.574562113275, -4217.154905127109, 1119.3784064394156, 10423.222583714709
-810.706214854927, -42.388824646007, -171.88544899524686, 1146.7021751885716, 1324.9214596591205, -4436.302736365238, 1294.8407324629436, 10396.20571404798
-810.8625741490353, -44.51051650159384, -182.33144101159738, 1159.7263499082267, 1295.3764389766145, -2113.909901892974, 1245.3694738576794, 10493.828299093324
-803.4831421034036, -95.88726813055204, 63.411450585931945, 1075.1846084574736, 1289.5237632710737, -2069.1987905569367, 1319.9724952039446, 10515.393637254247
-978.6603203436599, -139.29234495332224, 201.75398192016283, 1001.2719297087968, 1227.2977811741312, -1383.5880278894738, 1287.3610253493935, 10510.535492330706
-1138.8805024661733, -157.49156132715603, 172.0312238891998, 1245.8919307432163, 1333.8124225606755, -1396.6524682407369, 1294.0594541160372, 10418.58933519267
-814.4690001791998, -125.89244175785379, -247.86534516782842, 1070.1012460815514, 1263.3720856738196, -1632.032258487324, 1170.342825622141, 10290.424256675251
-803.621843039476, -115.62811440218404, -38.349553180657665, 1131.187214726893, 1298.1246615268267, -3326.5709494127304, 1266.287382384319, 10306.989146429682
-847.6339910982596, -131.98555386652072, -32.984804418005304, 1183.2088680897932, 1283.5204373961687, -2028.9300894478497, 1259.0095478484914, 10393.936901581563
-844.5683205506501, -80.7220268903803, 202.77828258352326, 1088.506456021336, 1212.221661258307, -1827.5685530325652, 1260.913840422188, 10468.611852642058
-832.7705886176772, -131.08102339161334, 205.21183256059896, 924.0829459117987, 1297.158033341492, -1413.1122871006462, 1228.3647914218943, 10400.760733381903
-781.8568837199987, -55.51071634787319, 239.45252351769534, 1123.113103127524, 1322.9615450089063, -1205.4915570748851, 1127.3571015826271, 10404.536068888083
-779.0655309775312, -55.10858523697206, 238.10421158764925, 1240.0229152273216, 1294.489281522868, -862.1781161418718, 1330.3504394028205, 10423.931479460041
-981.2522400649563, -86.48413727509444, 170.27736920486086, 1267.6724679965632, 1243.5435440055473, -960.1865047112443, 1344.5091352017919, 10394.107194774335
-895.9024801364851, -122.64238528372296, 331.60139288110526, 1216.2859827886243, 1279.7394037637262, -773.5235356883304, 1189.1051784650301, 10323.335110893076
-942.1765097467191, -216.31071153113123, -61.41822780836358, 1172.1077673839834, 1248.654139026509, -523.8018563654394, 1316.8281112440657, 10583.976094770253
-845.314718148894, -129.560440849158, -371.32305761850563, 1104.9767758789385, 1295.9931807471492, -407.9769925645107, 1338.4853820875928, 10522.483995288145
-795.3219839124084, -123.19392064954987, 90.71711646796058, 985.2342525989459, 1330.1243745222644, -576.3601621327238, 1329.544109703744, 10413.709042587534
