-1941.596490221384, -1179.1016904190749, -865.249861750325, -994.9018375795016, -1604.6609917314393, -884.3903122404449, -1299.328213464522, -2710.5630191513756
-379.24751600447297, -193.73329542768212, 233.21706167531886, 301.8759807366953, -388.4773152115255, -425.1583680892072, -525.2015704181495, -1334.6846036581296
255.69094944493477, 292.8980849944652, 729.377966444464, 918.0674370785586, 128.83141552899536, -269.1973282022979, 145.60683401449006, -728.1238834056524
991.9059380436187, 590.4529938197629, 1040.6719741533227, 1235.753234488522, 424.362011510308, -115.71697690583284, 440.32655905929175, -441.06378720262757
780.0516226206021, 772.0899172124094, 1213.113061922295, 1425.135597868914, 510.14044081215, 136.30799084744413, 632.2938060743146, -367.5572498778546
976.820553495039, 917.471366010545, 1285.6305783951461, 1513.2809928139202, 661.5868638812507, -233.98692498461992, 635.0398251334967, -292.8512053672056
1288.7813671938495, 995.5653865952764, 1430.0337204519692, 1687.8058511008026, 734.4364810664435, 281.3690814126888, 838.6568916801793, -396.25545047332366
409.9674609879624, 1019.1089430533549, 1449.8595705772434, 1709.9867323967455, 879.5208914308342, 251.31415345327756, 850.0775292897873, -379.514072270976
1295.119535601716, 1154.7836746673117, 1407.9431308180285, 1724.635720770791, 1061.5701502523928, 159.54159071308163, 906.651173255936, -154.32182172394968
1508.722808206408, 1213.7990355051058, 1678.187464924548, 1728.5826558846225, 1070.0316061786716, 457.29112999513586, 719.7507734323144, -567.1892695130738
1564.86056112137, 1192.7328072130088, 1718.189259054518, 1784.8410774703798, 1153.983562024612, 205.67945963549872, 892.942123495069, -548.7991246258066
1725.26131050151, 1300.5907153766414, 1685.861140153417, 1820.2858678328832, 1115.320268986093, 333.3022403618928, 993.9514780356556, -505.6795154169649
1599.8315262859956, 1219.2003369883573, 1715.2097455236205, 1878.3475284075944, 1261.9731974132646, 547.3921124686345, 1041.685303949195, -449.74521443231737
1610.6209794671456, 1216.7165436672515, 1734.9524534146847, 1832.2755635257727, 1155.2376213276962, 215.10949380397588, 1093.2905815755896, -324.6696529250606
1562.023887562807, 1363.3215440118224, 1735.7472286392174, 1884.0198775022047, 1153.10840079329, 568.4730179893374, 1120.546304743931, -671.6937708036877
1877.7983019611693, 1322.2715240224682, 1658.1514426023875, 1892.467681696818, 1325.3913198594942, 420.914606771475, 1138.5265222364078, -87.03193997619671
1692.0688382694118, 1364.78164898693, 1616.598981426829, 1873.361445677757, 1305.0259813429514, 501.14218003714984, 1178.5024071331268, 196.30464349108615
1646.8772654312093, 1346.0596458071766, 1711.9806916080652, 1740.4160617700195, 1324.3253607852344, 674.572696217799, 1111.0978837465464, 84.945155689124
1789.5129632251644, 1396.4715095137074, 1612.2095570727665, 1871.3883400222733, 1331.8942726362586, 388.7816554490178, 1180.3770360080412, -534.8454241257182
2091.053194191113, 1374.6816416299146, 1719.2914567076732, 1880.7231046245724, 1249.7398235373655, 730.9521318877086, 1185.1568424959053, 86.17692178453888
1789.1143691928285, 1272.0487763293, 1771.7737009543785, 1858.1206624884414, 1319.1109632797686, 302.15472946120474, 1215.6397056182536, 101.80405235568541
1718.2625963833505, 1271.314758256483, 1747.8968187025262, 1921.9937064725987, 1391.8256682667666, 749.9144167945007, 1174.7597035703632, -603.6825889204484
1513.6817401006529, 1396.5898004608473, 1840.9465545581738, 1936.19389973153, 1391.1745466578982, 367.46654189983445, 1142.0892374358277, -446.39604550326334
1725.7583918905052, 1395.0351113678005, 1804.4483838650622, 1922.7574295595937, 1385.9764055932626, 829.6487733272552, 989.0379896570421, -173.53448295807442
1173.196346967333, 1379.5068190320146, 1821.3872107382667, 1900.7041531758907, 1384.3608847145301, 136.19018295640768, 961.2114591759499, -431.262960751338
1656.6067154155526, 1349.4738374209082, 1861.0686561642922, 1981.2153402889635, 1293.0072171454196, 405.92010491941636, 1137.0425692756894, -130.19802654334046
1917.1109349299297, 1294.974127305266, 1842.1652019384355, 1865.1351722895665, 1386.6347767801017, 679.4346638255859, 1093.0363667726967, 14.947900529008404
1837.9600728096718, 1297.3596924671795, 1806.663701358786, 1959.8889752440757, 1368.450211049528, 850.3004969777056, 1066.0645106585582, -591.347315340751
1869.9242969984832, 1388.313716385932, 1632.4879548635563, 1976.3905054888753, 1337.468214372567, 659.8674820226009, 1064.0769414315528, 49.75251564901975
1746.4748481413471, 1290.2155040560644, 1759.9853179108009, 1935.4970971621722, 1339.2604475214853, 338.4212827852379, 1019.6490356369837, 18.733091503631076
1756.4912520441396, 1375.5038816775482, 1819.0107255482646, 1925.739805994716, 1382.9076080254079, 755.9547528382673, 924.361276043444, -1005.8417718499061
1852.8555677145712, 1381.694330386181, 1738.2941784041789, 1854.4152556522497, 1485.8051368432386, 555.3139824439644, 1135.6615932853883, -1071.3227425041446
1631.9343810047872, 1272.8165891091164, 1607.051514445513, 1942.4241366828005, 1365.0246467704496, 280.7784073351938, 1112.5580450320708, -116.85113234779001
1055.210462486114, 1295.6718274304699, 1800.770182698473, 1960.7550211968332, 1542.5946668415202, 790.1771963429806, 1185.394160131429, -395.92890413054687
1550.5811345844359, 1376.1090907202984, 1725.263071166076, 1964.6099455400868, 1540.3582043256122, 756.0117328773067, 1154.9516263202836, -695.2284219031318
1989.692889495505, 1379.889239691165, 1729.711821098903, 1990.8887308430114, 1597.0764583875034, 787.9508475797893, 1087.8139120167243, -231.16654747729393
1824.5760970190777, 1329.215938174343, 1781.8571029798504, 2018.183425062318, 1559.536986234846, 582.0217645486462, 1208.7863081869173, -205.15571951139282
1646.879079669516, 1290.4103490321322, 1786.974006318565, 1984.93411258555, 1489.6311970064583, 661.8466345380629, 1228.46806945341, 3.5546805323746025
2063.711102885753, 1304.434285340864, 1604.8747630176147, 1960.7869655930222, 1506.0275867265889, 844.7317827305096, 1185.3219172956717, -936.5423567373202
1993.782138672659, 1223.7643196647412, 1611.0135035588198, 1962.1541275793352, 1431.018385806376, 875.252214150598, 1129.192172132011, -527.1040845926004
1786.1435989254844, 1340.2562048556547, 1771.9371606533214, 1938.9413171711176, 1478.4685318542568, 574.3258229191598, 1093.3140517244988, -826.3624219701385
1635.8273785007186, 1347.9926490532118, 1743.7116843722144, 1933.6637805713624, 1496.0328412163863, 371.0700822723957, 1118.695925254086, -693.0250272377115
1283.5833667790162, 1343.6398637479278, 1787.8393230387012, 1971.3707023930442, 1532.706722061221, 489.62362858377605, 1174.678236048848, -482.56953714643225
1306.7055524071984, 1286.6333905222912, 1664.391329772593, 1983.9234665468068, 1465.115163486975, 619.3063617759991, 1150.7005908506176, -678.2673846666582
1921.5037114721335, 1256.2544867170602, 1616.5866410201832, 1957.158111470483, 1391.6900218124592, 648.5365780461021, 1107.5848610088267, -999.2246169161651
1853.4946052305706, 1174.3879088347958, 1685.7597370917078, 1953.3767395806733, 1348.0304978986142, 347.1534690963172, 1129.1582274567497, -1003.7813322390057
1647.2044407804706, 1277.2094953502635, 1793.0700760044892, 1984.3361142737397, 1417.818968269771, 225.7588085310057, 1087.8787381954025, -843.3779667152139
2000.1585464345144, 1328.2505286121232, 1856.823827066126, 1983.9760840870892, 1456.9446863301353, 187.0294863166328, 1097.0271903097782, -456.0622607689563
1593.2950667135233, 1280.3483089043925, 1753.364722583145, 2003.2966621369935, 1538.6574305597198, 483.7253312105492, 1119.329679727951, -461.4391855439574
1484.4247724618265, 1339.0906578600802, 1829.7580240680372, 1934.4290107459158, 1148.372749758355, 113.20573435220093, 1230.0582465884231, -867.4335689418405
1933.1596955233958, 1266.2411250398925, 1799.1776363649878, 1947.812428711462, 1321.2651680054862, 699.3728561333513, 1212.1330729201156, -155.36676209114532
1789.7740864370105, 1297.6381065698317, 1701.430786151471, 2016.59435727174, 1440.996207312095, 794.012150226279, 1172.1262921086156, 271.9812319776435
2151.9573211023435, 1336.2521529651685, 1773.6098968227948, 1928.209903791052, 1293.5054901793276, 726.3132464471834, 1099.957495184627, -255.49246597907938
1805.0176535217734, 1345.4442204721402, 1800.8997657759157, 1973.9377366036786, 1241.5494157203996, 741.0496980465149, 1194.1935887988413, 146.1633061448315
1684.9952033859774, 1363.8042295749476, 1716.8084230378167, 1974.1327629546624, 1494.745228035994, 617.9491331991693, 1063.4830068842127, -735.6116314833414
1866.33133675646, 1135.1870366243893, 1736.4404279231271, 1932.7740001028287, 1291.1443361890529, 830.0482847662887, 1112.8725957819736, -359.7810926893232
1876.4755753860086, 1321.5063120924415, 1661.8172535443055, 1970.074370189815, 1413.8181211105098, 715.8521414543227, 1118.4505397108096, -570.8921785486498
1835.847608876794, 1377.1874044795752, 1775.4417080088779, 1936.857959039693, 1268.4177613066583, 690.6034934181357, 1105.7650561821354, -147.0700020305599
2134.506153206944, 1337.1547523440431, 1804.9971543317902, 1936.0015831965936, 1188.1511766428514, 501.1561467180634, 1118.8840331837846, -233.06698211153656
2069.374005284309, 1350.8243112372259, 1783.6269427935576, 1914.130292854762, 1475.6909082413385, 831.4469946061392, 1026.2432544951446, -3.4071135587809227
1903.0579251944462, 1393.572004826187, 1839.6436182852437, 1907.0720065167757, 1246.5323356196532, 710.7928481177868, 1216.0811715437865, -315.8892236477118
2060.3839173190645, 1304.446045292608, 1751.516237351748, 1811.268453765704, 1327.1550223845368, 154.9285683439186, 1233.6011712398767, 38.81281242856816
1572.261684643583, 1353.3119219946655, 1832.1098471739117, 2024.308821842738, 1114.5759884199315, 648.7930156563402, 1168.3773906201677, -181.33042917770365
1825.7550486964715, 1208.943671254585, 1861.7604211848509, 1992.3374947791017, 1045.649665190795, 605.2317059437702, 1215.0462291700344, -535.5974120415187
1798.9236098702906, 1347.238912463415, 1860.0824225364101, 1984.3838777671822, 1160.160106380441, 381.95879005105803, 1250.9379733801616, -610.5017923311538
1866.6965764053286, 1368.5697797545454, 1851.2775174081012, 1978.188162389425, 1055.3833234669592, 122.30296551934418, 1257.1738750994925, -939.8083482451063
1671.260504689419, 1351.7520958425564, 1861.8607870311673, 1968.6455591006466, 1112.70545759087, 733.8273920843853, 1193.0830748227875, -300.7704318536622
1877.742844661547, 1394.1055653891308, 1857.526055063519, 2033.664810623394, 1185.2114273169068, 851.6188288986793, 1172.6431815777637, -251.55605436411275
1662.9955385955, 1402.9696138061433, 1891.2594690166852, 2022.5774540531816, 1092.0763090899152, 556.5315237444734, 1190.638759100569, -424.27196702861363
1619.7385178531783, 1309.6243936039305, 1893.3762708053991, 1933.1416253835994, 1023.8916697029445, 517.3455564788852, 1074.4578750444177, -255.36464827118775
1510.6010548213387, 1262.8450877700545, 1787.2632084741774, 1982.8515377978893, 1071.9760486303169, 463.61114012187517, 1083.3501632901816, -500.7206825161856
1822.1472784723903, 1247.4161095771196, 1860.8665594747042, 2015.4434211756943, 1000.774507709401, 352.5962535553675, 1097.3379819923694, -315.5785626655288
1766.5890272879476, 1335.1225162717813, 1875.440753620275, 1922.7162184275503, 1331.145233609114, 979.2247897487783, 1186.5782720435848, -965.5338495359999
1383.0329140656538, 1258.6226014157846, 1921.2952645904668, 1988.2268636948022, 1139.5748582036895, 860.9795143126286, 1121.2687151266036, -1239.9267772931344
2071.7023625205175, 1296.835737358542, 1943.1120329420876, 1896.7634808431521, 1302.7672379919393, 489.1293015299093, 1096.314898392853, -299.0040302945081
1791.7076208127282, 1349.4245543732948, 1873.6610029035057, 1941.391739564108, 1244.2540415102824, 752.7668853011747, 948.2528138495776, -467.552818278752
1756.8077731710289, 1413.3196400118734, 1857.252478092554, 1951.8397302156811, 1342.604355363355, 343.3850506627323, 1035.9993556657532, 110.21228641700519
1700.4408369340206, 1269.3570727900385, 1852.9547873073718, 1969.2571601623602, 1327.7108942408388, 872.7268319933573, 1094.7690962154968, -401.69859329648676
1604.2741298523565, 1390.4114796899173, 1807.9356274172367, 2017.741994895148, 1141.2018967390622, 790.6993829200005, 1157.7343362291485, -336.5674237243138
2175.2718346307875, 1441.1297000891288, 1853.9593719335426, 1921.0408650167726, 1124.4427996993224, 455.98111845822785, 1064.0327502512707, -1187.9111298299808
867.5116202902273, 1409.8102107166383, 1739.4748171012511, 2059.347460558006, 1364.0235070834108, 403.48011572930284, 1064.4352477625214, -1194.5474758818796
1700.1670698899427, 1375.9434191533614, 1816.0685479510373, 2037.29050147584, 1232.1670557268412, 568.0199182258762, 1131.343143982554, -1059.9515261770384
1716.989991429212, 1389.281740648725, 1841.9593451869073, 2055.9529297593167, 1290.6630941816256, 433.68688359855486, 1092.1185309098123, -557.6147715982482
2022.1212888860814, 1408.2927907280973, 1872.2728327890145, 1999.5699884554213, 1327.1545878270297, 982.1822597291294, 1137.5822298076673, -1173.3156776578287
1600.3054686213873, 1332.5066951324477, 1829.5677776291718, 2039.2514589498082, 1385.6981617837776, 773.8639977992409, 1044.1367697478804, -692.8599500128203
2063.6527889916747, 1389.6404223141826, 1888.2190367426851, 1927.7443994406235, 1140.81261383069, 663.9195204203368, 1128.8339568587396, -280.5122398369698
1671.4436484817295, 1234.4338515793374, 1845.8627703290663, 2023.4600933824406, 1181.1870471516831, 486.6040351684602, 1198.1732978576806, -957.3413543847573
1881.4291522095677, 1352.186367050607, 1825.8658031860512, 1944.1839161277003, 1365.7193046766888, 496.30170909292696, 1063.1911776254722, -554.008198517695
1794.9386622847585, 1428.8268012066749, 1915.245355295094, 2021.2607093208942, 1427.064001566817, 627.6824195480513, 1139.2050323030267, -454.9941060140851
1875.2756232037677, 1433.2274795373373, 1881.1639780210294, 1993.495035375559, 938.3341416856522, 484.61091570061404, 1061.82327319852, -360.0468352768989
1964.3714697010323, 1432.8117064057024, 1897.2338727779304, 1886.975384040662, 1239.692976889158, 290.5140807453843, 1209.4642124375107, 37.98012275739706
2077.7702076480305, 1379.0921515088094, 1772.3282941522425, 2021.4361816923322, 1348.078344225844, 782.8363883746252, 1090.3284859340504, -317.2623056883299
2021.170225724192, 1436.5024458876517, 1870.1936152602866, 2010.7753921591677, 1416.4714952595702, 565.734842450084, 1217.4644736365856, -121.78748238182833
2217.829519478112, 1412.0636573441384, 1889.2716118901958, 1956.7058642752463, 1455.5633068191037, 845.1098322335035, 1241.9749224232175, -268.566891468596
1913.3696268718609, 1293.6977756656051, 1810.003600227212, 2027.5419477518653, 1356.1488969097159, 468.50170478172925, 1097.8570670325257, -468.208771318288
1783.8646939045836, 1315.569679066314, 1652.378838014264, 1992.8750809496375, 1528.99395180788, 444.29775093852714, 1202.2191205034333, -228.57402733197137
1701.6033363967254, 1414.1601887781956, 1761.4008132381387, 1970.05486966297, 1489.5406811934847, 648.6708677110076, 1194.6862305109435, -590.2622078419566
1291.43763360462, 1379.9204959410351, 1924.1116710710464, 2006.1325741076116, 1294.17919325555, 937.6268471735322, 1162.0939273476502, -814.9288995934454
1810.3646986211988, 1337.4360254752373, 1806.3295835096808, 2045.2983096988007, 1255.8179858331275, 391.85977049397263, 1153.1353781252196, -726.5219486866506
1644.396205674064, 1414.3793488046515, 1850.4090648993674, 1838.6398732916077, 1355.9846580448093, 670.1090622638152, 1027.1490299114541, -542.3798527604648
1887.7754938072085, 1333.7267247696311, 1785.9799520831402, 2065.7123745240892, 1278.4987877539968, 390.2679405617803, 990.4364118737974, -1287.2611140119711
1176.2306362031147, 1396.7852233545023, 1788.2256266116863, 1999.59427557755, 1320.160940309333, 783.7389250247952, 1178.4157077704801, -188.60227260136526
2002.3159141809779, 1403.069337647909, 1661.625764059799, 2025.1812164274595, 1397.482062541406, 663.8576411279955, 1209.6831187801029, -643.9111897074378
1649.078976941027, 1387.9916937165517, 1773.5273621865413, 2064.4697665297317, 1419.0554884492196, 319.3712577086203, 1136.6238414546856, 61.47379406753989
1720.526434875625, 1456.7051136527803, 1888.670277052567, 2091.2211807328995, 1519.5227658940084, 718.2262666380184, 1140.4978461798507, 5.759569300579383
1533.1802692399067, 1357.0359976002526, 1819.4308777706797, 2060.880721737319, 1287.5002656086242, 724.9502459198411, 1033.0293896359203, -153.59607569036376
1839.267194609791, 1214.1206296115338, 1845.4038238438375, 2100.406191031834, 1433.0093803594455, 609.026198236442, 1127.7607757881785, 14.52705276648329
1656.4747559993343, 1066.7099261164342, 1836.5894169836974, 2022.7693970287485, 1331.1251593710194, 812.1139352936573, 1006.7681478375309, 313.1644065772098
1092.602441898972, 1259.2866277674354, 1725.4162486421162, 2063.986214023518, 1303.7653256309152, 804.719055719925, 1117.3974296062265, 140.71852418657994
1811.4926246755983, 1352.0158971884337, 1819.4446445988178, 1978.921360491776, 1338.3605611425166, 415.7291849580571, 949.39920659778, -330.4227461993448
1794.913272945397, 1350.4117837300328, 1814.8541111095406, 2061.9420604189004, 1467.5711601634928, 517.2857558443005, 1178.4746157567968, -217.11075749123805
1749.5064164244382, 1347.9209634991114, 1833.7582516240268, 2086.3374596479075, 1151.3621558381928, 303.50458857954726, 1148.0249495810544, -516.6776849899718
1126.909061015455, 1407.316559185287, 1704.6029472804912, 2050.853890029955, 1024.6163743239792, 538.8011930451967, 1155.060380559032, -230.69445158018476
1790.0356746993484, 1419.416027474219, 1835.0326893575916, 2034.3731369674656, 1325.4670577017018, 797.5828777215936, 1195.1586985965291, -413.28343699217254
1693.2241037961264, 1453.733918457058, 1732.8072834685931, 2113.5322441567973, 1293.8617187309173, 909.1390589369109, 1177.3019384822603, -475.7772174998406
1406.5728029769011, 1401.900757151441, 1840.9593694954083, 1907.586404755814, 947.5591665841175, 708.7973569267386, 1145.360590966516, -1187.7565808007912
1813.6177041041474, 1349.7225593610224, 1877.2740455139783, 1986.2427797698313, 1252.6551288970736, 582.1868316181107, 1192.6582332877963, -651.5238944470068
1165.9570451764707, 1342.9213558405415, 1787.7644619291748, 1989.1643509523187, 1078.7528226142028, 591.3043256848117, 1130.011207489024, -1987.3057017296583
1581.5282935616167, 1324.3480904634994, 1863.7340217412614, 1968.293716452436, 1105.0446741255637, 632.7614192889406, 1228.7455043818197, -1734.5485425813586
1775.4174742772382, 1300.912814892608, 1838.7253293458864, 2010.5459387078224, 1441.4352578456728, 36.551056031961096, 1151.5366131526591, -1487.1678908028282
1804.3855924126208, 1298.5140379830673, 1739.3814042285387, 2078.5603811390024, 1514.3322826247213, 511.0100423797249, 1216.7674806089967, -1693.312439417263
1632.8468273129013, 1296.8116637321061, 1824.94026886353, 2052.104990852832, 1379.5859787387847, 781.9799658539611, 1147.3307415849056, -1336.0294974352125
1929.5866421726855, 1355.0946636408696, 1765.8435425912307, 1948.860932593944, 1312.0126225756467, 748.5579574013202, 1116.9490940034566, -683.8043832358211
1820.0882480148632, 1419.3184208829032, 1835.8358638910795, 2016.0905965627294, 1331.9188097246288, 146.4838077896174, 1150.3763398949309, -782.3876285160447
2048.4332494354717, 1398.5962189419686, 1749.9252679604492, 1999.1392307636866, 1087.654770474392, 665.9098963614282, 1188.9642494168008, -406.83023786683464
2012.5303809376273, 1434.2522047637963, 1805.1370580999328, 2025.3824581451752, 1405.6798326385301, -10.332808870278253, 1069.7348746158311, -110.96469400519706
2072.3591784066216, 1418.4608193956756, 1902.099197002545, 2016.2345067265528, 1282.2298724678244, 244.33578961141822, 1190.637161955414, -321.0634234745886
1509.4778099922357, 1274.4881227616224, 1865.1462245219145, 2006.080770873791, 1296.0292382205623, 410.3568542636275, 1135.9794136029498, -179.04447951324747
1947.6633219404016, 1385.882216106672, 1905.5462561142317, 1960.693126769895, 1171.0833027762021, 423.55012185110814, 1123.6282922375876, 260.5768975569096
1900.8785694392452, 1414.9703324569466, 1864.3442118857479, 1811.3420139755228, 1275.1767499527755, 648.5266782998431, 1110.016775119255, 7.721586489335458
1834.9419552886663, 1303.2878620145314, 1746.822736327996, 1909.5367876825533, 1238.6571948894182, -462.1909147637098, 1189.457635579825, -275.4001847023488
1782.8253895307153, 1341.1951100422682, 1768.3547515237146, 1888.8999100676842, 1312.2409891386028, 634.7475776421518, 1190.2751848667874, -318.3076407914214
1587.432436099004, 1389.1332287581806, 1770.8984020753655, 1965.9591971199247, 1425.460265453518, 464.25236573939, 1224.827371398013, -484.2739021524408
1665.3371825848108, 1372.0234705862574, 1634.8112900082451, 1975.2463527277323, 1415.753948927698, 375.4909104353496, 1215.7723576752785, -320.66260879555847
1770.8736977510266, 1372.0600858933537, 1804.2811647125395, 1915.6272354412963, 1183.958078645906, 790.7757238899669, 1182.3774901777572, -723.4145083943984
2024.8994559035004, 1378.655036734388, 1882.2283536653506, 1964.0082132512946, 1226.2774210296063, 473.95025816005665, 1225.3140967842744, -445.10613478949875
1956.470226291284, 1461.2014198001382, 1822.7925284949335, 1948.0493316700536, 1404.6325791899392, -46.17001789648898, 1169.7374119093568, -784.2281362349835
2052.110579730287, 1460.1873349569544, 1868.5998170060295, 1913.9294521893319, 1371.5329018274356, 383.77134529002865, 933.7190679729163, -1177.993525454973
1834.272965841007, 1452.0179219556728, 1855.108767033626, 1962.5544984675998, 1395.9460023439856, 529.5943658858931, 1216.72523016203, -833.8169185325283
1704.9329535578624, 1442.9851319879028, 1860.8295379515532, 1992.1946878369276, 1211.4042230965147, 642.0349241491759, 1177.379189301637, -195.17993007099187
1781.1898267139088, 1465.8510912358893, 1779.6344297810367, 1975.1889541075566, 1285.843724963506, 518.0883158481956, 1244.9349305461963, -383.22733510621134
2179.7507250590584, 1483.3388016487122, 1877.7625173436008, 1955.8483666468635, 1404.8450917149626, 620.7475149005396, 1231.4610787712063, -133.11201225573512
2160.654613361447, 1411.016545087422, 1739.9620337131146, 1881.2639400794162, 1340.8767393726205, 492.679209682892, 1232.4239413089501, -607.4155050867016
2184.739578247304, 1441.0426339572464, 1821.7946105088533, 1937.240558668345, 1450.5676677484048, 321.5158954184986, 1235.603608107163, 195.63724235217504
2241.339368337453, 1474.6106100267118, 1744.5409604346173, 1946.9155854651856, 1379.2360584532498, 690.7867751146747, 1181.3230383148777, -106.5115241020711
1510.332718434488, 1423.353834516802, 1820.975843100013, 1938.4144569733487, 1120.649635723685, 297.5701484385948, 1164.0834286750796, -353.3132231020517
2028.7007326915268, 1472.8503992776912, 1879.0517633763777, 2044.5859843264639, 1221.0937297165162, 685.4365380512493, 1156.270834339296, -339.1713579356713
1977.8185237765683, 1458.7293335981126, 1917.3500218413103, 1977.186321132361, 1126.8183770116468, 776.2031713059536, 1118.1912150150456, -428.9391597227882
1965.4896427541291, 1414.892212667256, 1808.7213147371028, 2045.7615214880998, 1105.249136831881, 916.3022022366775, 1087.9317263082673, 114.78791590232045
2011.9183578302695, 1457.5692927957173, 1839.081512584016, 2004.262916539586, 1415.6725121783368, 466.4440834620595, 1114.4043207780455, -109.70099010296877
1604.5874328652862, 1385.7136596627752, 1801.5639801488187, 2100.636363908525, 1295.3235519373177, 840.305531005823, 1122.5648285250315, -184.75739279979157
1878.966757854221, 1395.049012406146, 1862.8068024739478, 2027.9065274561538, 1458.5380761005417, 15.136211757710416, 1086.26194995418, -287.6752107646933
1802.8707541072204, 1439.9763886602834, 1655.6129242208676, 2007.8989818961743, 1432.9859206886645, 309.07595814452264, 1156.5038065385404, -689.4803483957822
1655.616733071903, 1359.6457725963037, 1555.9852990079978, 2015.3933311109233, 1506.5649732718473, 924.0665662445059, 1049.776124010999, -746.9313252582124
1718.3496902266236, 1410.7918166465354, 1774.2037062413037, 1974.3631460169393, 1397.39854801128, 716.0448049167977, 1095.8823017140053, -486.38722383419264
1258.248677517398, 1452.97938011694, 1819.7282345930546, 1983.648001645174, 1264.1431348342312, 591.2829558064299, 1118.135260403724, -749.6112213363054
1270.3926781370822, 1361.769397757201, 1891.7757582488425, 2042.4396189320337, 1039.2288324046956, 769.2051713811999, 1188.8814641808124, -70.16094252528147
1454.1172156861628, 1455.385121169699, 1866.9754053465117, 2025.0917095573745, 1016.7724520275231, 745.1111344125791, 1020.8657797029064, -726.8819721267599
1669.3905062045192, 1444.8601241206802, 1928.9204294029507, 2008.0295905118558, 1196.148820359536, 255.7735255887716, 1068.3565676192286, -1402.4900981056237
1691.8225542950574, 1393.1806265871053, 1821.381020447153, 1957.1954640465517, 1332.2839164762313, 570.8774257135251, 1207.6180766183975, -1365.4023586517392
2051.2710001452956, 1327.1770392502867, 1811.6724020524478, 1986.6971234661482, 1236.980969500946, 735.9913029246025, 1225.837882262288, -655.6700713849638
2042.6907094605456, 1369.9869794636736, 1908.777179292384, 1978.3472928949434, 1393.7963857683947, 762.3724011756789, 1202.8475885642576, -1171.9842460670907
1993.7718699811737, 1382.3887089775315, 1884.1162265338655, 1937.474349559228, 1480.698007308506, 712.1343248310916, 1242.415264043566, -814.5447908344424
2333.3807609550827, 1389.7364365606081, 1761.0808812195135, 2045.8728355688468, 1513.8654321358595, 295.797686126644, 1211.5785033314621, -1407.4829290654302
1992.8729379698366, 1362.2446815939104, 1920.9684367110897, 1992.3975206443088, 1091.554003348179, 572.352704959639, 1199.1523968325807, -675.5332034545988
1603.2793522372024, 1386.5128014377071, 1900.2250102218309, 1827.2961602102935, 1484.325923670121, 654.7417218579602, 1156.9604575678197, -1086.691635032634
1631.1895438475672, 1454.1721260464226, 1874.39279008494, 1912.0195867146774, 1309.4257012738408, 728.2309712179423, 1118.8657906247984, -197.5033367110941
2095.171953807776, 1470.252617897231, 1800.4196937034442, 1924.9206757940617, 1367.5263185365968, 524.9845288865038, 1132.2048316889593, -142.0884075548239
1855.4722156249306, 1478.6811147889828, 1890.5940962642467, 1879.9697278658073, 1415.0874538555126, 729.3016759310957, 1165.4302804502004, 32.81684803202036
1948.524294430077, 1380.9178112664056, 1914.4214090033463, 1843.0134739831249, 1438.2463199725196, 702.6353376022006, 1140.9496643617888, -115.6954324999217
2178.4603480250616, 1266.8463903013167, 1899.3786332447685, 1957.7456761086166, 1465.7932710357525, 469.79072372830854, 1145.2831474775403, 75.40213242511625
1569.6975401167267, 1420.2663162283802, 1546.1625584740275, 1995.27430716758, 1216.880082149183, 528.7818999525443, 1146.251482780289, -173.23698168385246
1983.067364283524, 1436.7927599949126, 1860.8427943285894, 1975.444914995999, 1407.049878958463, 531.789332466104, 1196.2186010229088, -702.225795629485
2327.3014431142205, 1423.7517708736918, 1867.3416956178976, 1842.0273655561782, 1236.602202901636, 727.5093895446338, 1128.0726887763017, -105.97473611140623
1765.7961918280291, 1332.295005840704, 1740.0937298449774, 1984.6521102284576, 1318.6061901462303, 511.01328469677577, 1264.916144941437, 200.421342586886
1811.1592558274847, 1403.0355087151636, 1715.7286853766366, 1914.118929809316, 1240.3192326033538, 725.3959203430104, 1271.11260836951, -492.2529081111163
1428.66735646744, 1477.9696014451479, 1898.7259277913795, 2067.242497346864, 1302.8500207985956, 331.01793487033115, 1267.7891837113664, -336.5635320938796
2070.159379674441, 1411.9869387490344, 1833.32659273744, 2013.241682006667, 1386.1887527546162, 634.6746346718952, 1210.3764406660855, -655.7430300933871
1324.8719656582734, 1495.8523725291702, 1861.2380063710032, 2014.5469902718617, 1424.010206984799, 380.799028266955, 1230.9217104591703, -73.85856038894437
1995.2952110510987, 1353.85274394491, 1820.196305792318, 1877.3243906361522, 1385.1626595818075, 650.2933374600055, 1218.49313707249, -688.0259600183063
1826.3527300989695, 1478.949677897127, 1689.4874781759986, 1991.8168753069565, 1382.740365424855, 655.2210411931937, 1168.945384341965, -467.6010502956567
2402.098228727841, 1453.202079171209, 1937.2923858387644, 2116.49501646865, 1325.7929634205584, 816.3735581265285, 1210.8909560953703, -374.8615560215809
1714.181610572924, 1426.7134020997605, 1831.688832136304, 2060.3743217676015, 1125.4934461523887, 486.59284752986144, 1088.7691638648992, -530.6993517998606
2463.8834436624156, 1378.1483546505049, 1921.1831560973408, 2009.862106752199, 1090.1906380114049, 546.8596329653172, 1083.4263918698264, -104.32847854196353
2063.870327878513, 1470.709667965885, 1938.5272645424998, 2116.804688440523, 1301.514177612232, 849.7132908202512, 1177.966999010894, 85.4856780510047
1684.5518205504661, 1468.7306001538182, 1738.3522277031718, 2013.446139398882, 1021.540446645362, 624.5925402513437, 1160.3931052363635, -97.52033901991805
2140.4143459720744, 1416.2717110106782, 1793.0388730342527, 2122.4540653691947, 806.0630287537624, 918.1523238869007, 1086.6599856186283, 78.52031867892765
1704.7257416678253, 1377.7495370840688, 1775.8000524605984, 2039.5434263183881, 1197.2353705103628, 827.0815611233586, 1011.0822191767445, -312.21470794699763
1772.356226080674, 1398.6043390895034, 1795.7843347537967, 2010.3149397767386, 1449.2281315912167, 547.5813735395259, 1086.8754534947664, 115.52988275500641
1519.626953100555, 1370.896512600002, 1786.951495929744, 1943.2433366527544, 1350.310369845376, 570.880746821963, 1107.5478495098803, -435.22945578690354
1453.9031772334038, 1451.4555373571777, 1774.9670862598748, 1874.3346149606155, 1312.1917231559803, 537.0082008560146, 1124.2317958276094, -231.79146133972955
1548.6391527585808, 1470.1789650600786, 1684.713977974974, 1982.2575774713355, 1229.2620849443845, 508.0535711831179, 1155.5236712602202, -188.00086541884437
2080.62531551236, 1422.8235341583954, 1873.2100541729178, 2035.486105620912, 1363.843338569765, 394.7967675588389, 929.3028719933259, -132.38359617674504
2016.8963327737895, 1308.9573524880113, 1696.2916596719117, 2019.794172959114, 1419.847388226309, 453.79382816263745, 1095.5722558952657, -224.68242512732056
1231.663663310393, 1337.8878022229944, 1818.967004358533, 2044.670263128886, 1406.170302994219, 591.1622302773899, 1167.5893466535197, -1131.990515089721
1313.3160007708598, 1439.1052368357498, 1865.7472686507474, 2056.0105737295794, 1353.4287218649672, 478.4094205112375, 1075.3254931448264, -476.6482588313074
1429.88734548177, 1426.3247639525644, 1867.397700112259, 2014.0169885410921, 949.7725647037295, 747.9387790739562, 1098.1343474842113, -103.51336118863792
1233.9059649170808, 1504.1304292181876, 1897.9084294571908, 2015.963630711095, 1091.1154156276648, 673.8509947845531, 1014.9200188537561, -368.34811365836407
1445.4557782152972, 1397.5688257309682, 1892.5848161818797, 1979.1538743086521, 1356.3853879408746, 521.8882532179674, 1058.496744519176, 55.169683323139864
469.74319965175476, 1475.150694612068, 1779.8759734979808, 1990.2566727140534, 1191.1761586109565, 768.7392694272731, 1131.3587394875735, -925.3501185189984
1213.9414969811999, 1422.0579160916866, 1805.6042507144534, 1983.25770858003, 1403.7283004994315, 722.0782740973046, 1065.1402181405738, -895.6183680054032
1452.6956510000207, 1414.7796269738144, 1773.0672430914494, 2043.7434682378448, 1226.924104383997, 370.78173749668224, 1063.8844525815075, -713.0865308086052
1961.2727196255146, 1440.0018902201557, 1789.7249031119443, 1966.3190478873728, 1436.347758054041, 752.0867678686143, 1106.1947414639408, -1158.9361238174927
1840.880101188998, 1458.2040977744903, 1726.7199653735406, 1968.9638879151667, 1379.3451406339718, 444.8195314779167, 1060.5330345003463, -607.6427966008863
1868.728309964625, 1301.518219222293, 1721.421472190389, 2067.338583028526, 1163.2825618051238, 608.742280925859, 1162.245200654177, -1689.6697416903364
1363.192028710454, 1466.9392124360002, 1777.8241135040914, 2062.594209434784, 1194.7611675973894, 375.0339802069095, 1091.3196843358303, -1219.8751782438671
1729.8674022696248, 1443.0806592231395, 1831.9323622394934, 2015.6961562683973, 1249.99906269115, 784.6925376832602, 1082.826911723078, -1054.496102710219
1921.7399113602398, 1408.1009688937038, 1857.649744193739, 2038.4684285293956, 1406.8886908097743, 584.4720692748859, 1091.1542110232006, -1521.6841034783292
2210.816271353639, 1427.2787117295175, 1748.6828302539036, 1952.7786929294127, 1392.105300782917, 694.6134352899836, 1184.8300487358083, -407.603774061114
1581.6566073432086, 1431.1981213180568, 1723.2065770297454, 2069.926229561909, 1405.7465453848833, 200.22354108564508, 1187.5172453400723, -1218.7945403414071
1554.0823597488732, 1467.0219065112315, 1620.7773680358634, 2021.8578701476017, 1351.109341751611, 714.4964637539766, 1231.6893898880264, -1041.7246656437687
1755.1438626278234, 1419.3263990264702, 1877.692753002706, 1978.1829459942678, 1376.8165243118651, 800.9214852693041, 1110.8740330996852, -722.8759927958157
1758.7222352623912, 1402.0183244537673, 1761.4876724945427, 2032.7267782894342, 1334.8553132959692, 360.9517549012765, 1226.4787647266494, -692.2365561157253
2212.2694719147526, 1318.5792545208842, 1720.5157952694642, 2014.418368892982, 1341.5583582991953, 228.67718437222837, 942.8214260228252, -600.9215122293139
1896.880061865125, 1417.1865307084665, 1799.046971871714, 1977.4541581722735, 1460.2285641000628, 838.4891771616501, 1220.5348206092306, -157.10504890903638
1899.3827005806602, 1445.183909027466, 1878.9773397275521, 1939.5984678626498, 1387.3180151022218, 921.8923994262669, 1126.0294157701965, -76.97628187352711
2302.6192463539996, 1451.3705472358563, 1881.148179270377, 1978.3512192824264, 1493.8563758224345, 667.8059560400859, 1148.8362034234578, -242.06571132537186
1649.0159759648761, 1336.6331883365017, 1827.4839867109629, 2040.8262790624535, 1373.7491655172528, 604.3911492050772, 1178.137686917905, -382.2784424247383
1794.5571908959519, 1358.1251642440293, 1840.2492086250197, 1810.118384254992, 1291.647259758452, 312.1408628582189, 1207.0010456412156, -98.67265204368033
2045.5962379648608, 1400.5942566026417, 1833.8785180872212, 1951.87890247592, 1163.4729351569888, 944.7265036995711, 1156.4110148576444, -1126.9175986208747
1879.6895763281966, 1387.5449875114718, 1806.442735436724, 2012.1026347071754, 1404.045911513819, 452.4913294810286, 1165.1041801494614, -813.8073242564624
2191.4137348460367, 1388.3368159658191, 1847.9407453577128, 2045.910877009036, 1540.0946533004703, 770.0411475610995, 1211.2956847563632, -202.37142641527836
1986.8107671789994, 1413.3295083776445, 1759.398268827927, 2005.7259199276955, 1313.1966437610606, 83.45865407805759, 1177.7782944274961, -766.2264331401054
1446.7398479407227, 1397.2555911681022, 1902.8395183662487, 1982.553359285322, 1398.1594889365854, 317.1105341683371, 1183.5309036980257, -1098.9144387464978
1341.601919596715, 1458.4901954322272, 1896.8211609583661, 2032.9082371258564, 1391.3888942838457, 547.7975125439482, 1231.469574168951, -1002.1715845123097
1881.833148915967, 1419.43292495649, 1815.0975521602227, 1982.4604379276557, 1458.8732555566519, 783.3419794288637, 1275.266668726743, -1276.5638105306643
1897.1441391745711, 1388.6383469079065, 1778.952105856222, 2065.404434653425, 1375.474395542034, 756.157911462931, 1208.2717489207068, -1338.6457626378105
1801.4897914561939, 1293.3401794459783, 1765.882539389094, 2073.622169385864, 1419.1569747694427, 454.4890962670186, 1190.157118247646, -1440.793091490956
1954.7897839260356, 1405.7585020633483, 1731.066719135533, 2022.350812288443, 1445.4834189758253, 707.8890616823875, 1123.1173609883276, -1040.6932059902113
1702.8309369528317, 1396.04735282199, 1834.9491036025743, 2039.7022172526233, 1473.2379158889928, -85.0664081807243, 1185.3650073014987, -191.59073364900118
1832.3453629973978, 1316.1626357173075, 1725.8527650287672, 2079.7924874527803, 1344.4762553845324, 774.2188096624949, 1266.6625005766493, -539.1182325318622
2112.5719327910547, 1352.6969444960941, 1809.33665934315, 2068.4202272609105, 1323.5562880734988, 361.3990090733207, 1188.7432877778338, -1616.8149191774553
1951.83093127684, 1377.7545801392307, 1903.995042727193, 2016.288423888452, 1197.092871301985, 892.5048998112629, 1218.0032623048032, -980.8968982082382
1574.5805036298152, 1360.5561040357838, 1785.9069410339278, 2016.8149845222943, 1265.898326113379, 466.0226979290065, 1218.2657685314273, -1841.0435086309271
1695.823409927643, 1348.6520512401798, 1791.1835267834874, 1957.7649591199918, 1343.6350180084069, 627.8651973199088, 1167.3649417185727, -1629.655508802642
1867.0874087783284, 1281.7403046728548, 1744.4514016027686, 2071.310737961624, 1310.906998385486, 792.3077723173068, 1015.2049267306118, -1571.562696928358
1871.6950003426448, 1231.5447007021385, 1834.1934816988985, 1996.0178647249732, 1446.123429020307, 493.80295711279024, 1173.9557692511785, -804.8930549374417
2056.369696548552, 1406.1860702709312, 1876.9141771659743, 2085.1091455809933, 1283.6526045004935, 551.3706794552826, 1221.3922797265457, -1817.6887571438667
1596.182448790419, 1397.5241554299168, 1869.160534177745, 2100.8107393340765, 1229.0141144050228, 526.003701278929, 1260.4758917593472, -1595.1429516384462
1724.916626427326, 1393.636413807, 1876.3895629226995, 1998.4214012143875, 1432.5545224526213, 660.7155337188112, 1211.7440659183608, -2364.43849879048
1930.5943950797653, 1414.0822183902046, 1785.6715825970696, 1972.7218729177694, 1216.342212843085, 793.1537666800616, 1219.994590015441, -1208.738660961498
1813.2947397691685, 1432.1861182266534, 1655.921384567452, 2010.2273113405377, 1394.4904010936182, 747.5963719752995, 1119.8426118655912, -1942.0015905046312
1501.823687457434, 1144.2698061549688, 1810.6933395001831, 1990.906651863586, 1449.3718881253062, 581.1658585750664, 1237.1644657678034, -811.6113889700821
1587.461154716582, 1409.9349837229656, 1653.3546018067595, 2005.4215815285745, 1514.9424386419678, 636.4109138274523, 968.6931307367284, -1572.574240775889
1350.6706631480142, 1366.8773007749132, 1707.5627643844514, 1900.1245386855117, 1249.1586953085616, 843.982246876209, 947.09370035339, -1075.0854253271957
1867.3820777972037, 1351.8552460508708, 1775.4407691345887, 2019.092161208297, 1186.7285115742277, 668.1115244710568, 1102.776112666435, -1594.1072765815077
1935.6058099541583, 1467.8864336179627, 1822.3472239399523, 2010.83058546946, 1367.8871026266288, 447.0386685996407, 998.2961960336419, -1501.92362033758
1709.8446776952717, 1467.435119051611, 1828.848029804931, 2008.7231801081978, 1274.9339755350934, 485.96503263769506, 1061.87240789086, -1005.2263363047413
1893.1689926362624, 1399.8423689537462, 1799.7334955149474, 2067.778030822655, 1160.3156148712121, 537.9903455543264, 1236.9132200808785, -273.2237345531278
1063.5606781582198, 1356.7062833867947, 1805.2883227154919, 2011.0866237621449, 1571.5417414050305, -18.18244965793663, 1064.1790331266213, -873.4472458419802
1814.1910399866454, 1431.2912963183464, 1691.2047222858916, 1995.1720924670894, 1147.8906883802229, 413.29437791074116, 1043.0362762897335, -696.9310837846577
1764.2535516617631, 1443.998934919744, 1703.5879264263074, 2006.6076927778277, 1172.4015606030007, 352.2828645908889, 956.4011628803603, -1348.3541115074572
1912.3980664358778, 1440.130034104125, 1592.1985174341053, 2013.6474667139569, 1382.4553509304187, 652.2924516979726, 1058.1325142590651, -521.528627253196
2323.6459371371625, 1454.2632208445248, 1713.0942549478511, 1969.062881476202, 1381.4538777516307, 270.36506852044903, 1118.2687041987015, -627.7496019584876
2015.725347897485, 1481.7883272672987, 1788.8246108294968, 1941.049372663843, 1362.756438284068, 505.378828858061, 1165.1908931292062, -409.7851538378056
1277.3386768736307, 1457.883660477159, 1877.9627438096536, 2059.601911203033, 1476.0270165158408, 141.21586290614468, 1133.9171062482076, -616.6242483412889
1956.0084306425135, 1409.226236754256, 1876.018760798019, 2017.6160413800237, 1351.3317192602658, 420.30638883778505, 1147.9566570243471, -1303.303745819176
1445.954534431594, 1393.0951177867557, 1850.3664588754145, 1931.54635637146, 1189.3326086359064, 497.2605212823645, 1230.1369554665077, -788.8492698837499
1809.472861428102, 1438.690687854416, 1772.4885679877164, 1999.5502278263984, 1325.4214497990722, 668.7875254972903, 1173.411794139114, -692.5130245323593
2103.3927794764254, 1414.4097825613196, 1721.194936274134, 1957.2826924900282, 1339.2694240529702, 740.8945120942822, 1189.5485472157707, -976.3947894912052
2144.9206847841933, 1465.5134059798304, 1845.2945484899126, 2040.2980048448258, 1293.2918551053197, 862.3172380512552, 1155.911045972708, -939.1731890388055
1732.2960046718338, 1460.6460184876369, 1865.3333586162687, 2038.291830446257, 1241.0231496294393, 570.5827060870502, 1171.4052775861435, -2404.438243196426
2022.7492849904625, 1410.6954347437998, 1948.559698351597, 1991.9406087763475, 1228.2825403608656, 897.1676624311392, 1225.6255926983602, -911.7472616301653
1816.3354438968063, 1466.444206842644, 1832.273448099904, 1957.7355528565392, 1315.0921252767293, 474.31522948116435, 1074.8478443687911, -1295.3005907245447
2085.764921389765, 1435.457548938463, 1866.3599957467063, 2022.0961377395722, 1398.9419713613818, 264.15614981797256, 1038.247712541505, -471.8958268829526
2043.345074179062, 1470.6041325678807, 1892.817527128422, 1912.7697018859558, 1468.5344109820066, 765.5710283419533, 1103.8014077254072, 40.45921138641382
1779.0189206702485, 1470.2970367203982, 1928.4819333384382, 1870.6480449802834, 1455.3913214328063, 757.2212893642185, 1132.755473597516, -103.12536769628534
1346.8112454924483, 1433.719237781604, 1889.7468708480503, 1954.2256875672877, 1399.7219588678227, 843.7332025979927, 1066.2777667774947, -160.57881748889434
2220.7009660588546, 1440.4591146613343, 1915.496254385646, 1821.745190200599, 1093.4159011103761, 750.4168157471324, 1207.4071477274963, -241.41086093003284
2035.2420126587815, 1426.4835968227433, 1849.1115095104142, 1930.3186513002938, 846.9917548940273, 803.7063944467711, 1229.54961495979, -279.90533251191425
2144.9160998466573, 1297.350512909282, 1904.8810282392978, 1913.4372975293581, 1253.260249046247, 965.0879034572524, 1244.4018011740254, -679.1596465083582
2192.1539493935275, 1452.4277171562258, 1834.3210022645633, 1977.8945736508178, 1382.3543121040452, 394.00568330161053, 1194.0403268003313, -642.096724848869
1348.0579055719993, 1371.5051245039765, 1800.1371135017293, 2017.0718437868861, 1328.5199189627301, 539.5205686572153, 1240.0436143090828, -306.9787654860555
1863.8511317775767, 1367.4539383663605, 1807.1703879166791, 1918.4580162693444, 1108.072172413382, 788.6632343907752, 1237.6497681583417, -645.2133752597053
2109.968893734056, 1431.1624239414036, 1786.6600966327312, 1905.599416418211, 1138.8394522089443, 812.059283232592, 1237.311861213602, -673.7943951998662
2123.4305328303885, 1318.9662484447235, 1885.252982100498, 1986.039306885422, 1142.1206712184241, 542.9507272515783, 1141.2973421420543, -180.19296302652606
1640.890043120832, 1478.0743353004723, 1816.1229421438297, 1931.8255750507794, 1101.0111785821136, 203.07181531266204, 1114.8354668427, -654.9713430522321
1561.071108201993, 1391.0249260296644, 1779.8697341011602, 1945.378038364851, 1236.656836723922, 746.0885101552905, 1146.4622831140218, 42.39942036536129
2116.991321056356, 1396.0567564808264, 1664.2278886195454, 2019.9958764560579, 1398.499931949859, 884.7453680340024, 1088.5661881104072, -110.38563904450183
2230.6326818336333, 1361.691805833916, 1872.200619880078, 2065.8663355571234, 1124.662027325857, 490.27350193995943, 1231.298675231516, -226.32893237873924
1833.76049196695, 1376.5177076366904, 1846.4519214034058, 1999.8955404618653, 1425.092939816687, 788.5193923759456, 1213.678699672269, -980.442508048849
1942.4596619343965, 1411.589635024985, 1817.72135401341, 2071.6846036967986, 1386.7367081579528, 253.761832971045, 1173.4703245929977, -298.1973300196101
2064.021876492151, 1442.618553056733, 1828.482959430304, 2073.7480685262135, 1353.517129184302, 525.4977005376343, 1120.7152202603465, -149.65536768707955
1654.155639504417, 1416.2592781028166, 1839.7149784820124, 2058.489225069538, 1266.309244725671, 754.4813560536597, 1183.0368395093283, -805.9062813260182
1755.7937026371305, 1340.687451363482, 1880.779883508578, 1914.344118943859, 1273.080768698927, 370.16562574367947, 1238.7331329154235, -305.0478239684785
1696.401771052621, 1423.8793490277503, 1869.5462192131072, 2003.3745060479869, 1476.6354418993362, 275.63873233473544, 1214.2666771137588, -240.17904870911156
2186.9965280593283, 1420.030831980782, 1859.8695248047698, 1962.6439669813901, 1308.9721816922283, 361.3874553812144, 1263.5111039335532, -491.4750253357141
2083.312843785457, 1385.8025760463738, 1811.4392638453592, 2022.6133081351838, 1366.9525267807217, 632.3954370121146, 1145.5274793039962, -577.1623046752853
1686.6236351431482, 1470.3671782251786, 1943.2019404377313, 1959.140283097671, 1357.8129981302293, 282.6178377265038, 1263.7273172523965, -107.74921676169937
1930.1746484914859, 1300.356019780038, 1844.9191469546836, 1880.2420975598136, 1551.839338971766, 578.3986958038953, 1240.6725852052998, -248.37553460629746
2239.0466762108954, 1403.8114644354284, 1892.8201098876452, 1986.0001669961882, 1374.7467469167518, 487.82711624618634, 1056.934675761043, 242.44166986256616
1886.825492182622, 1366.1921569702556, 1870.2655700143698, 1970.051831469249, 1408.812574582472, 634.1958906841013, 1118.67938059496, 138.0709498367532
1761.4302463986053, 1450.131587386698, 1698.589883072327, 1893.7604773762675, 1551.463938843281, 726.6637966551826, 1138.897313309503, -338.48265207143777
1499.6436694899078, 1419.7908761304047, 1777.8374167814065, 2031.5964212964934, 1446.3241772433626, 544.4073005517514, 1194.9674448346884, -674.3922409102612
1911.05530119054, 1472.709742807014, 1719.249155215137, 1858.0907208114577, 1395.8232491301865, 91.34867243142799, 1112.3468021099122, -307.67495963798365
2027.6118772154514, 1466.5105077737485, 1910.9089792121067, 1894.5298845994662, 1417.3444485781706, 814.3648713461104, 1187.3928306610574, -154.79536761340083
1683.712201721827, 1468.0123863730093, 1905.330633861655, 1937.9564243423945, 1490.6048754646881, 353.0246404563912, 1167.8043771936284, -134.44779330290146
1585.7553773900422, 1449.2750544788214, 1816.7726559588036, 1957.6382206185751, 1312.928459380542, 719.1580282735696, 1163.0255567387358, -15.530629415988146
1701.046853371505, 1440.6384397793424, 1848.047725869412, 1921.6142811105171, 1262.858813438446, 391.0066435101593, 1186.8323630929012, -318.7877337642343
1796.6602442707176, 1457.2153868319351, 1715.2521877470786, 1961.1482838073198, 1448.4680481300504, 378.9550454539352, 1174.1764872065735, -1160.8508015040065
