-4704.921526776249, -1894.3659992191642, -3398.5918786949883, -2944.753064895591, -4029.104830385406, -4107.990689900451, -3222.1294922679476, -6260.542398710378
-2380.5584372036255, -1249.6504033606166, -2444.0138780715074, -1776.1276027141878, -2428.0350786659305, -2992.3305830702548, -1782.3587182486458, -4549.814179767546
-762.5809953965329, -279.5324071999434, -1660.745971422128, -1101.2844901757976, -1579.799608691883, -2135.875853079835, -957.7708010357624, -3092.0073910450383
351.65642839261807, 188.8788464032331, -954.4733596578883, -411.6479535533259, -838.3558833627608, -1363.6171878863925, -24.375389692593046, -1738.7986007084235
1486.800536217546, 1259.9773323434258, -10.48273693109041, 150.06539295862385, -138.54050849888768, -710.3657306217822, 815.3702720850753, -821.7091316139223
2331.4576428361293, 1989.781129380001, 747.7690900674714, 858.9522285685207, 505.33747461472416, 396.2418615345417, 1720.6295313673631, 424.54274757095317
2997.8935309025687, 2605.466308301558, 1686.9211082114364, 1727.9464954653363, 1341.5995942684635, 1258.1263874602953, 2506.2632497622385, 1233.499984100369
4001.253432599607, 3406.9280365353, 2480.4849839049225, 2511.287445883849, 2010.3176452557364, 1849.9983574650926, 3347.826040065897, 2103.8381080562335
4010.4892018257206, 3766.108149383644, 3056.1046663262277, 3260.033156498608, 2929.0507933020913, 3060.780657593008, 3702.7535001385627, 2789.021367862397
4899.1399868082, 4201.877158559901, 3901.866015160476, 3610.1427600287966, 3532.015251669606, 3840.607005088733, 4495.902525530564, 3688.9117670747833
5027.582599763386, 4915.447042931006, 4310.6095638408915, 4423.855818991642, 3916.2564668377872, 4337.287194468318, 4931.263017943014, 3800.576863780934
5326.501885672853, 4957.365207129953, 4661.555860516865, 4828.601736975587, 4479.948453091956, 4855.329448549312, 5040.7595626310185, 4493.656411687851
5283.1577398060135, 5244.725393372284, 4839.399592724918, 5066.479490220962, 4798.8479988810295, 5128.155024805176, 5074.076497712217, 5047.318098168682
5009.291432048657, 5319.372332092666, 5021.873242379532, 5279.916423010333, 4937.238660115045, 5221.3739563730305, 5372.491307160919, 5263.4028882571265
5375.621806076915, 5465.135575642376, 5209.482237128585, 5313.090696938506, 5074.400495316204, 5320.690237001072, 5501.831885192406, 5323.309106598839
5364.685422192543, 5372.000313723275, 5095.199802688621, 5068.488531568641, 5280.907194708789, 5108.351897204806, 5543.357304012588, 5540.366914564653
5581.36984228994, 5559.100182410641, 5306.6539189456225, 5492.260764398751, 5121.316066717236, 5219.422411207003, 5557.485122970733, 5612.6989225265515
5384.834608267866, 5563.7668057851915, 5239.250810800648, 5561.405499717434, 4995.831105055742, 5430.656372720815, 5622.144470811681, 5399.4423764508065
5528.722144079376, 5640.4084693933155, 5341.790525515168, 5617.556476193365, 5163.210508565911, 5243.36489331499, 5604.782714103657, 5457.84286367499
5454.46881088023, 5149.393107207633, 5339.426332793592, 5528.019248890533, 5334.074998435917, 5441.585692034423, 5681.362456808171, 5637.358410555211
5443.9224859569595, 5315.107806886445, 5112.997626415916, 5618.274134601553, 5085.137238851336, 5244.201032663688, 5667.447880728964, 5597.035568276165
5484.628627460646, 5596.663530747581, 5342.529584340617, 5659.196279503655, 5297.411709934167, 5323.942244590135, 5636.031279759958, 5626.029258448266
5414.163463403485, 5374.5985548860635, 5297.339341674885, 5611.650280913324, 5371.946510562226, 5622.253068882107, 5431.734193036175, 5704.968725789461
5636.270937631818, 5578.728522639657, 5325.792708231169, 5465.61529093521, 5204.992693786125, 5603.71459188804, 5474.460731300575, 5693.346051357322
5621.822459764276, 5617.172242317118, 5249.745097286155, 5527.404535962923, 5168.11120110244, 5660.490245720115, 5624.435823340814, 5648.473360273964
5550.0358771795445, 5677.9421714333685, 5364.976128906267, 5673.478926417631, 5459.040597068994, 5679.202966264597, 5611.971412766125, 5413.483772549971
5628.780919864351, 5615.272865605634, 5377.338006382184, 5686.915997610312, 5364.331378801598, 5527.534183838107, 5219.080344735819, 5318.641026290436
5412.085148843244, 5721.193246702341, 5425.335071888039, 5140.52804753453, 5351.144602183238, 5564.227432765587, 5522.337222750174, 5563.728383802786
5641.320536907692, 5684.772734968824, 5241.925146523549, 5647.55960254268, 5410.722684281533, 5603.732650682404, 5417.098917579041, 5647.355992431738
5581.426389265699, 5708.447202547561, 5205.404738148862, 5525.91688180488, 5260.000033930258, 5595.638529388853, 5394.402782025508, 5688.251634505386
5517.518774110575, 5620.033940234096, 5277.632319558226, 5353.6076807933905, 5069.433902407622, 5616.424275104024, 4910.459575923732, 5557.480087270789
5540.015153222667, 5751.640845864441, 5235.844594968888, 5340.551266187376, 5183.631116661249, 5437.843115328532, 5396.59272750206, 5570.56838799719
5601.8006026447665, 5708.590084280105, 5330.418415305056, 5553.766566385982, 5135.660153289713, 5448.435477474909, 5140.881071211717, 5220.148944089201
5678.945570586742, 5446.078862280881, 5298.118969873181, 5472.966362366044, 4894.4424257919845, 5504.524027950563, 5644.312877449439, 5553.6276635018485
5673.324649906879, 5674.62936701452, 5088.087497386518, 5505.8726005833405, 5024.670466081606, 5412.578246168451, 5544.20554165556, 5509.026114734312
5538.939471446053, 5707.56591723108, 5067.623721792285, 5688.729337420298, 5211.8958083081, 5586.665720025933, 5494.873436976152, 5707.7504328659825
5431.118659256968, 5654.219263418181, 5256.863232519504, 5625.768067407261, 5292.023859566252, 5619.61626703809, 5313.777303733053, 5687.194751165748
5693.436536090477, 5687.968200692901, 5247.1865627134375, 5512.7044116437455, 5046.030655648296, 5573.996038492844, 5441.559310070488, 5650.971188725748
5525.266145875771, 5490.142032567817, 5394.272803999163, 5667.562919438801, 5238.82759076008, 5464.829848833629, 5499.435008168923, 5491.258071712169
5463.655678061631, 5588.633129208778, 5373.759913846039, 5730.199425215772, 5313.440849154467, 5548.949165009006, 5617.264673213507, 5448.840043190239
5663.970981459421, 5521.70754434062, 5430.283131437999, 5633.261359261954, 5169.865137200369, 5360.221993152235, 5613.464110984883, 5348.153608184139
5528.900331072021, 5604.050539879275, 5062.601350005034, 5619.851579249083, 5301.84991173268, 5609.031851962134, 5622.731461407124, 5279.904803847609
5375.715664066432, 5317.256608110128, 5282.357222316522, 5530.621383294364, 5210.494583671107, 5451.641026429535, 5601.121658715411, 5266.992948978258
5552.732014457158, 5297.868383428383, 5258.205978134147, 5593.415681191238, 5418.655366106012, 5578.374773221975, 5410.645361441792, 5425.455753742073
5508.4172879927, 5548.064491098362, 5293.023263111746, 5637.232316978958, 5139.3990490694805, 5523.9107068880985, 5448.732272398784, 5632.244296273087
5262.313692337775, 5562.881895025993, 5382.420457820014, 5570.986535757126, 5283.228213997344, 5479.99559036968, 5656.547463791951, 5651.328117828905
5375.308349244941, 5663.639602370464, 5215.762713184535, 5631.730041130727, 5143.929737175536, 5501.940968299573, 5593.007819329599, 5150.48123663792
5431.682265401497, 5570.8574133895845, 4949.721980577298, 5407.9759738164175, 5270.882415658032, 5579.76216357208, 5574.228649927094, 5381.622191842495
5548.4275994333975, 5582.988377275712, 5006.820493564556, 5416.032618124944, 5367.8602811153505, 5644.818739101772, 5604.803288940059, 5384.7904709926215
5391.419265759701, 5682.579273139857, 4940.104350710743, 5669.666624847907, 5333.106448994531, 5645.679612817132, 5645.031836074814, 5369.532122772226
5530.384705821256, 5624.637970340337, 5173.89674272293, 5637.930925201483, 5482.843970240007, 5443.450807314725, 5523.192596088189, 5390.6306837879165
5456.657194674814, 5432.155804455828, 5354.440720792817, 5665.142429941001, 5392.210163060788, 5596.2931944939355, 5550.404218778432, 5537.518033314104
5520.924225953768, 5640.089345105461, 5307.460670611531, 5608.6949356227715, 5436.89219155316, 5445.218292136757, 5580.817215980907, 5528.14122421622
5535.753149188426, 5399.163913174868, 5324.083750039109, 5637.717802256465, 5438.885932952548, 5437.663946071706, 5630.721607395024, 5566.614372793946
5555.531609540912, 5374.972182340008, 5308.494581143291, 5521.712266301998, 5388.113211176619, 5556.372660147383, 5526.733868639659, 5466.028633022651
4991.329766711459, 5429.15417806586, 5106.365731390058, 5528.2957032572485, 5246.790487171082, 5621.2611101777775, 5532.306380669864, 5393.219744024081
5452.10082652113, 5307.705743302255, 5202.99895265281, 5522.588663366882, 5346.573840738979, 5544.989810073688, 5543.788167086665, 5466.675258846447
5550.210633070284, 5269.017472302367, 5057.729182103863, 5511.923074593199, 5319.004147892321, 5436.7633029185445, 5694.404136308512, 5619.3520049453855
5603.579076603502, 5658.197321205763, 4409.966871010682, 5494.908159199533, 5306.616240919473, 5530.836147953399, 5651.12424882029, 5394.6263907184775
5567.120552932391, 5662.562091847993, 5315.824154688046, 5418.264404724008, 5377.171874034245, 5637.664024752342, 5622.649986357426, 5164.486358672188
5598.601665197852, 5704.722107119711, 5166.2635825999105, 5331.684892413955, 5437.531418067081, 5493.294589168896, 5551.566472849543, 5551.972170545447
5307.540524315107, 5696.453083057227, 5373.301093187443, 5289.969926556988, 5384.282394664418, 5527.564511663125, 5576.158646120365, 5447.356165038929
5460.674033846052, 5412.382481648519, 5346.417720844896, 5518.625864000867, 5332.846425203485, 5540.039715652523, 5201.585535918953, 5621.95562031165
5603.485013054419, 5715.436690703821, 5177.891809859761, 5551.888301809918, 5372.351893589747, 5388.854160280891, 5423.934855048252, 5550.903821588263
5582.923409222375, 5461.289816215308, 5383.282244818041, 5563.773423403281, 5234.754401048482, 5444.312984129515, 5364.2360665122505, 5587.55910255877
5713.111372404482, 5661.363361959878, 5285.693258155383, 5545.407340968291, 5107.998282088243, 5461.9890444858875, 5529.256528626018, 5671.078528890435
5450.852682569881, 5488.212690353757, 5363.55069700119, 5590.223642342968, 5379.932875015143, 5548.939257021777, 5193.170176711888, 5634.843132854088
5508.202597302266, 5283.00482924722, 5314.604430227196, 5499.798511680089, 5306.403534147349, 5265.529684917664, 4964.087019091661, 5655.814274913128
5518.660100663483, 5533.933141931226, 5362.572222955362, 5498.300838476272, 5438.38007370512, 5556.971529440743, 5245.3649547016075, 5666.433230202733
5503.448678160961, 5618.912523474337, 5377.017061283586, 5450.853937214342, 4830.374579030728, 5585.736841934476, 5184.916599605271, 5485.022462495899
5706.833670972248, 5521.156557161407, 5432.967522412085, 5671.217816671511, 5180.373050030367, 5632.088006483017, 5588.211332271837, 5444.201552717325
5570.630847589263, 5727.35036959611, 5117.120237973682, 5631.363704523543, 5328.429660079805, 5663.129490950196, 5497.883744177847, 5675.6322298301
5679.199148987717, 5642.811414448108, 5385.92492031092, 5669.27239039959, 5464.543928402176, 5575.628774014257, 5592.597235257198, 5419.815193594111
5506.802798869, 4704.716701173671, 5223.817296215803, 5548.769891300792, 5405.415735619496, 5565.5405445972665, 5271.835779164642, 5700.089545104376
5366.877736617654, 5527.078628781686, 5440.911671466562, 5354.588732565799, 5166.327767071341, 5523.419104553936, 5329.930088307871, 5637.3786352023535
5514.74484893534, 5743.003417599822, 5388.418192068208, 5510.7717967441595, 5431.267177784585, 5433.787245589644, 5653.103539446531, 5655.072784838696
5523.724403201066, 5702.484225700849, 5333.828616778925, 5521.165432278333, 5369.219586636863, 5614.660176331988, 5599.114862383835, 5601.183769265408
5502.516178257123, 5667.459722057638, 5104.901881254639, 5538.973514424993, 5327.352855178791, 5209.7794869876625, 5350.454206902871, 5608.405047997438
5589.241675364483, 5582.5904019988975, 5293.075105713607, 5551.300292360197, 5308.558490545068, 5587.604777690791, 5345.361722838865, 5453.774632455963
5738.5023491435995, 5630.965657297912, 5266.923402908846, 5576.90328163042, 5392.259805983215, 5449.141642677183, 5716.818577423927, 5395.179850215892
5488.375662280712, 5571.858979105698, 4769.279166822671, 5548.976454494947, 4994.346573757094, 5625.981172870074, 5404.382005375291, 5118.055303159276
5576.93872267907, 5679.453132095692, 5217.369208736289, 5488.668385389139, 5244.265143639621, 5559.458161796086, 5614.45756756404, 5387.682931362667
5363.774684640383, 5633.9152453108945, 5286.797601225283, 5439.596796483235, 5454.523655764136, 5340.3704131345385, 5447.142151159418, 5463.57989704737
5391.3724822715985, 5517.395306476688, 5143.5300666215935, 5607.425551679861, 5383.2385159582245, 5566.280051467545, 5301.465167774297, 5429.327382900019
5764.554295005365, 5627.161005607198, 5314.938861886439, 5503.806402387291, 5239.8393042471625, 5327.564336115075, 5468.326840797936, 5435.344336964895
5551.365646422137, 5416.657401805079, 4920.286052568484, 5628.258425308046, 5330.166742028081, 5367.6001330551835, 5635.0032093978, 5449.379475878839
5376.643641553927, 5599.23191844859, 5396.119589921025, 5495.01432695834, 5482.753967656619, 5497.158919463156, 5612.983181622426, 5369.730953834265
5630.419054733139, 5753.606241319677, 5407.238812391395, 5613.349888788814, 5393.829114273034, 5487.573917634658, 5584.73179656068, 5412.684887843374
5485.800367879293, 5774.236954058997, 5394.049645917974, 5557.960309404986, 5513.943736524784, 5438.938274775783, 5222.600257026959, 5584.513349817021
5515.91711101994, 5627.466021771738, 5338.5449104005775, 5624.123335853808, 5258.520302931955, 5403.249352338993, 5585.554162915254, 5478.542265888543
5605.178367553784, 5475.61694003234, 5334.074217761309, 5548.5864231235655, 5254.901719307943, 5615.859055919289, 5651.163910017979, 5611.101412720249
5584.400524768093, 5629.7829246465535, 5262.947191745329, 5544.282404295864, 5348.792063260967, 5648.92109316856, 5611.21198686146, 5680.002803859536
5643.632279103618, 5712.9250052329935, 5322.619814041511, 5387.953724041313, 5255.13220879803, 5682.121728876769, 5636.843024869777, 5635.6336171801895
5629.173849761986, 5747.104806472077, 5285.723143699168, 5555.878247583583, 5303.65422927539, 5687.534190016606, 5676.046065800435, 5621.7172255833675
5664.410665599965, 5537.133719467063, 5298.204285496416, 5546.074820055936, 5113.167383507737, 5653.90538239479, 5679.660287257828, 5211.424222497289
5698.6290377659, 5675.869013421539, 5373.479746716336, 4991.677594736431, 5307.866883767975, 5438.505097934226, 5431.595888535209, 5636.374170829125
5655.059272652431, 5633.854968893374, 5108.824715240317, 5644.930005951564, 5060.29851245425, 5630.220667157602, 5628.125250071198, 5538.621821237879
5699.291795993772, 5758.77508783807, 5331.04478074662, 5289.161846986963, 5301.257448053765, 5718.32669636811, 5315.511420398298, 5528.353901682373
5484.999874958178, 5664.639231320678, 5376.055686861779, 5644.065847355324, 4994.757547725028, 5622.662596574436, 5474.881264219172, 5707.374933250829
5534.827663411232, 5490.927092120942, 5362.212613183953, 5632.020807838437, 5295.241216489545, 5495.317445579935, 5450.377399200802, 5617.349377188669
5492.161946531812, 5465.452350347968, 5428.273527235818, 5603.592542079509, 5350.760092375606, 5606.03119399806, 5497.970070630818, 5261.006626483256
5557.5109651468565, 5263.46604169698, 5345.737811100893, 5546.778106715225, 5316.815192529923, 5576.513769225465, 5104.454550974324, 5529.110831824419
5599.155793208035, 5570.013659480258, 5223.847232311234, 5266.149326565848, 5323.879668336638, 5458.990886365863, 5460.120566023827, 5680.567623665214
5450.483936481096, 5489.719896232092, 5208.2316214507955, 5349.394297014374, 5166.074370940381, 5596.91194884335, 5629.006402907271, 5610.124543164166
5659.564022642656, 5676.54582817546, 5314.35457698739, 5620.077554270564, 5442.061261661554, 5469.726085986582, 5496.8447785431745, 5633.814320427629
5626.20219221599, 5649.859840736747, 5387.896613244994, 5649.132255613912, 5263.6752301780025, 5610.736185454067, 5594.303945252122, 5624.05278508501
5329.918018715012, 5739.052452267384, 5358.269259397925, 5575.193543434637, 5378.977918525887, 5592.21680772939, 5642.272668661293, 5481.297843140698
5334.63659616102, 5536.65802475517, 5370.481539475013, 5650.04262729305, 5293.953783128945, 5526.186828238569, 5495.006327828791, 5441.551719134762
5408.20567046583, 5569.690891590877, 5196.761609896294, 5530.997562317015, 5333.22529416033, 5531.500671832926, 5533.332327301182, 5592.399921150937
5169.383164206184, 5717.972835769608, 5459.911196648047, 5685.602163441446, 5398.579239457482, 5573.869526343716, 5145.892053533733, 5639.086138808424
5231.296445492366, 5651.1225848443855, 5363.2744309135005, 5657.106895922872, 5256.343705298873, 5583.816684080199, 5644.559254279923, 5440.915734670604
5608.792616165069, 5637.030703160972, 5253.267899379975, 5662.828741679168, 5381.388925889007, 5440.511196594739, 5522.216056350458, 5250.416133281533
5428.740810840405, 5510.001521837991, 4891.1571129673075, 5624.679027185067, 5435.048802773601, 5647.36156932886, 5623.846516574674, 5544.796187747977
5561.5858724542095, 5624.700267699806, 5188.924596671968, 5586.873822219055, 5355.9110210839535, 5664.260132004474, 5307.7101889196065, 5600.382447090112
5580.700024180204, 5607.436554248302, 5415.635663058814, 5581.316440395671, 5130.291297263378, 5497.886151374797, 5159.81598479341, 5498.373189529908
5502.428531017318, 5498.635139911596, 5286.0214788089215, 5305.589590800583, 5310.253320226783, 5455.639794457694, 5521.658784493848, 5638.096211023175
5388.368002069159, 5483.8842476866, 5057.342085314853, 5570.633123174082, 5257.807187194364, 5534.869894374991, 5657.863552987433, 5487.264901427553
5651.675041198819, 5675.59695643131, 5271.272906595107, 5610.05480351901, 5383.713249450575, 5564.427578178215, 5534.012273681151, 5546.249832978557
5693.608286937261, 5735.003516172595, 5368.278975937998, 5621.344924661719, 5325.902619160951, 5639.9307582191495, 5298.806356023694, 5520.0737103475785
5574.544203738725, 5593.021332184237, 5379.498388322784, 5032.531755657009, 5360.127034565271, 5585.1989665828105, 5586.25523567919, 5535.120100563057
5719.329933143758, 5687.2399681072875, 5147.82557760849, 5498.512532911761, 5341.413784229603, 5485.343085756255, 5512.533319948031, 5553.388261519784
5603.418668255671, 5750.268401400653, 5042.969131654075, 5634.761298900565, 5106.08074506676, 5574.906262256548, 5237.8688174729095, 5425.55866465597
5659.454674931502, 5735.760709580083, 5334.8368202926795, 5663.75842121305, 5357.625760307609, 5524.198231274612, 5289.4446791312375, 5494.044333908169
5595.279212109814, 5639.008145446334, 5346.687743347143, 5544.469492730637, 5351.141332694773, 5272.876239490777, 5465.1035244304085, 5394.341242977594
5431.643801849964, 5569.200542901516, 5370.4405485204725, 5559.265304590023, 5354.671293179749, 5418.184967817524, 5324.605882089501, 5424.480546307995
5071.261196036244, 5759.039043568785, 5389.719161514558, 5611.275512297338, 5285.148274053689, 5585.6815644043445, 5593.650811520441, 5508.248624549537
5641.4221673996635, 5550.005537783357, 5127.015060399692, 5246.610126357724, 5309.62823859074, 5571.983900732181, 5521.905862413179, 5531.724778300015
5088.3382975874765, 5622.294416477634, 5267.554091967572, 5475.709979813729, 5402.883163594893, 5685.16449038367, 5604.840195666073, 5367.269507010093
5333.660749095527, 5562.462727262459, 5357.879548646576, 5554.217181991214, 5350.990931723773, 5492.69183166373, 5394.368541023872, 5442.875061529443
5453.026017727488, 5434.490778216901, 5325.394173391463, 5507.707455135214, 5438.655497749955, 5545.5219816068975, 5541.5212846434815, 5453.267359089346
5677.4493635700865, 5093.350152188871, 5402.312989880698, 5400.695104518462, 5093.272374007179, 5450.325622218934, 5621.894804175268, 5487.47817555606
5543.193861745126, 5536.934618166877, 5331.222838942554, 5473.854890837239, 5188.272896941468, 5398.398027329991, 5630.931030990773, 5360.290270541238
5686.590376566417, 5643.095915751577, 4905.063876749853, 5484.574103280695, 5239.922673433553, 5339.7043672595555, 5612.1603522576415, 5360.386912708848
5693.18774090464, 5463.56499380236, 5374.857265551082, 5582.556450245616, 5174.719826425603, 5515.464568193471, 5673.788660656175, 5541.560269467737
5355.223714872689, 5427.889557081922, 5277.803678253255, 5630.769473056515, 5263.101691902955, 5609.4028498235675, 5629.115728044873, 5334.888800786696
5612.04397118002, 5537.0585905873195, 5390.779444389916, 5608.083783182471, 4976.238951055597, 5553.9576891019415, 5587.4739624649965, 5572.823657533564
5726.219291084587, 5627.979295851997, 5372.68807883677, 5473.003127039668, 5464.379896807847, 5230.599428202853, 5665.698581039585, 5528.583378559014
5727.025047559859, 5585.996908041112, 5437.497519803809, 5656.411107000125, 5432.688424106949, 5396.786301364108, 5584.5560288054385, 5615.960081181932
5709.5472319984, 5666.255214808338, 5058.339083487986, 5582.357468187448, 5374.221395142406, 5372.527456750128, 5651.393015300742, 5559.322875608259
5697.350637662707, 5613.1252531844, 5404.12359917008, 5611.925745958266, 5340.475704336579, 5589.830622685211, 5595.885310471249, 5549.380469165433
5615.580374311284, 5675.469956821437, 5354.704178646493, 5360.185822113837, 5363.760103755388, 5620.783852320098, 5604.118139112108, 5594.214669157708
5430.954874892312, 5678.425299977274, 5313.26584358619, 5579.3979321707775, 5409.736418063128, 5234.718353447722, 5352.320825156789, 5268.772421207042
5609.408059460249, 5432.765916695637, 5223.395474282249, 5495.869034449454, 5423.170978418692, 5372.143328443072, 5550.670445074668, 5428.383708510661
5625.9538124574, 5519.767189918677, 5377.53033928221, 5507.706649684387, 5342.171313832391, 5634.806554384919, 5626.341869938614, 5611.978316632121
5474.946641943865, 5669.0949035265185, 5242.96650054335, 5000.572813615567, 4782.566752047067, 5165.565105863487, 5460.3411799320975, 5478.957120030961
5741.116900761928, 5660.958450803674, 5281.640007635301, 5578.4350380407695, 5268.809921287102, 5613.459161153372, 5592.066178187674, 5654.43423796138
5659.442799743017, 5537.793657152499, 5259.697797098643, 5148.024497461533, 5266.307163628834, 5327.411906016728, 5508.6230995494825, 5536.276382760288
5664.910501249431, 5674.350331715802, 5314.039325508155, 5321.90723033913, 5253.873866628742, 5619.797023984584, 5508.943197824146, 5637.14303804023
5659.037262202489, 5756.04257694091, 5370.973503799195, 5249.681914256196, 5320.419237134756, 5543.818064019515, 5062.43723160211, 5688.7881491269645
5706.93684556994, 5702.509175287759, 5224.608102823986, 4850.147546047864, 5136.8191232194695, 5593.492144788507, 5507.365952315032, 5652.995293694801
5564.4525502588995, 5667.356244147277, 5392.234613589249, 5516.136461286594, 5185.604209725389, 5391.071501263703, 5487.026919138534, 5676.983040995624
5604.087500611431, 5564.565124102483, 5186.154044122286, 5575.920579600443, 4746.371986702193, 5681.824522088041, 5242.931243401852, 5469.415900926966
5633.950863114267, 5591.529237213028, 5331.394323764909, 5440.35616131103, 5290.886937846334, 5581.621438532244, 5430.857975873084, 5629.07875324652
5704.206486034589, 5709.049199753962, 5354.289764663867, 5695.792795751906, 5383.6716487102485, 5592.985638707731, 5428.912806936053, 5462.954957655616
5644.869890662108, 5252.0382670454355, 5142.507458957796, 5608.922649737321, 5390.285953162103, 5365.528697132573, 5054.251429470538, 5307.161441211215
5656.6279232738125, 5420.753624554131, 5196.950184624414, 5393.002041815849, 5437.42516753038, 5614.597760758359, 5310.471215166806, 5653.618104559388
5389.91839027124, 5702.353408394597, 5158.872220948613, 5634.186654523936, 4957.436859920053, 5176.8377460612455, 5408.627674021828, 5585.07701233602
5614.286077521614, 5628.07313250549, 5165.732567543706, 5584.9418593068995, 5368.892300093286, 5579.996098377793, 5185.572342146353, 5631.925668202397
5580.497468177798, 5601.933338660602, 5323.103931175339, 5553.386885324473, 5372.905911950275, 5420.180752579285, 5403.758929953394, 5618.209121341256
5504.8281187673, 5681.164318995724, 5339.505117197651, 5550.476356446581, 5234.783755980408, 5539.28556252612, 5359.309875389898, 5679.8793325369425
5351.182281044371, 5563.950112522278, 5258.928772454046, 5453.142442736828, 5157.024906546805, 5462.9223526112555, 5503.159904781903, 5536.752012445666
5606.897356446554, 5686.167640494525, 5257.17853028544, 5556.67870269768, 5318.872088077953, 5304.660736234297, 5403.327711655558, 5375.52716470831
5651.360215015196, 5492.658864081694, 5271.400558966158, 5627.647452173616, 5096.5685648091985, 5601.839433833323, 5625.726821577187, 5687.275483198172
5647.523736443398, 5681.497444452563, 5011.589573436605, 5524.517436368498, 5409.09309047583, 5332.935708882309, 5674.4860424512835, 5580.43087769355
5631.352996888876, 5617.723344819203, 5183.830789054096, 5555.94218134606, 5273.497397361333, 5408.287075647105, 5492.099918932359, 5693.918297511949
5613.9439725330985, 5625.408631852012, 5164.681660968925, 5547.139178815574, 5323.704026656459, 5357.613555321958, 5572.642846175959, 5636.137723404911
5336.5000672868755, 5427.881816195996, 5196.228860031221, 5645.494971126489, 5289.466674791341, 5588.098707619443, 5624.092701183848, 5583.33769851377
5630.095083815042, 5595.1339211004515, 5355.241296682654, 5492.635117151961, 5318.098264648119, 5558.602823938429, 5566.429277646761, 5633.472994308773
5678.04784357608, 5488.105662960911, 5257.603850938343, 5528.6205961038495, 5364.059717136681, 5622.777165193474, 5611.0215869752465, 5711.654253712668
5743.66446450529, 5470.632985443584, 5289.293990645112, 5524.008197146659, 5315.640305033632, 5492.149205867634, 5249.899334355832, 5672.6534106092295
5554.752998516308, 5677.207097858634, 5280.262846444354, 5214.1438591548185, 5180.001941965143, 5448.483093375865, 5199.285638721726, 5666.033113674069
5679.757476095754, 5610.831131110818, 5185.179341755245, 5297.534569792547, 5444.666157380894, 5395.471438445392, 5396.774882025686, 5634.038658948742
5757.497436715113, 5490.989682886942, 5358.078968527549, 5343.707205557441, 5264.410602632593, 5553.5846009155575, 5654.1799737441925, 5557.868444760442
5652.961171486985, 5652.014931585695, 5145.381216259526, 5550.513537037069, 5302.275254033906, 5577.003197633932, 5638.158608144628, 5511.303958189734
5693.673653073838, 5663.126772540676, 5447.6686273805535, 5557.533111619484, 5459.089863946591, 5315.413145462224, 5498.9680131860205, 5622.606413320316
5720.569806267136, 5517.764683850384, 5361.43223056327, 5639.02409367047, 5438.835625865462, 5195.260128651165, 5426.5889706908065, 5564.4454161059075
5560.770322267387, 5452.154312705208, 5405.074349288104, 5116.286355649, 5123.546805581599, 5560.451804519235, 5481.764553498455, 5548.019066231399
5546.614145959142, 5420.300653723417, 5403.684355241998, 5509.071191959001, 5288.193071754257, 5550.549466519033, 5534.2111127177395, 5564.6883718479
5640.6685706022345, 5296.078497153177, 5399.103896292877, 5576.36115896618, 5231.056144656544, 5553.074060795116, 5515.34496849015, 5592.60721434421
5683.173494678781, 5362.966297725039, 5374.822631563231, 5521.910481406406, 5222.871809974501, 5522.541931115464, 5475.643472772611, 5490.251498581226
5645.150862369808, 5525.238035152257, 5265.654511082624, 5668.382375402584, 5338.8365680228435, 5342.374686352295, 5425.173128929263, 5607.180757755886
5570.00021099107, 5526.131846193739, 5344.865642723144, 5666.491126502204, 5359.62972038553, 5401.876302453369, 5495.6157978880055, 5521.71692798963
5302.18938455481, 5440.11291061357, 5359.634512187933, 5521.1704198596435, 5298.917355359826, 5425.327827123704, 5452.142505408848, 5464.190379609113
5578.280757204376, 5493.710718665983, 5405.510729055059, 5627.351721306063, 5362.193275080757, 5635.506674028551, 5514.028285691166, 5563.522486604023
5709.321941925787, 5546.621782312047, 5276.226198978758, 5553.818317538096, 5366.561119870494, 5609.775138428105, 5462.238915309157, 5529.823007332992
5652.306687391608, 5636.44941746047, 5246.206489556967, 5604.797736162708, 5285.956234346438, 5413.807109090453, 5318.567063364904, 5654.440810300801
5608.959693735179, 5745.419408047703, 5254.56160013579, 5656.299716271381, 5215.1931547808035, 5542.72687504233, 5640.49405066595, 5643.598151114511
5463.474399403093, 5443.632611041776, 5348.720072774352, 5587.167058968952, 5374.988184023469, 5530.831636556269, 5605.020439661753, 5327.286544699529
5492.433889048769, 5640.467263139605, 5051.308103831157, 5541.246607278749, 5126.295716498757, 5591.602612249194, 5504.9745555335785, 5397.750999490394
5630.37948521889, 5571.4166779855595, 5125.967228526836, 5576.670927428063, 4898.939851737498, 5597.116032767596, 5385.16040139883, 5557.6562063180045
5637.582741360675, 5693.249039206423, 5312.68892710429, 5434.400801830232, 4831.464030631536, 5552.924561378137, 5608.136266883236, 5607.486781545713
5515.23205691511, 5630.382630768555, 5386.5999191703595, 5581.815227902684, 4906.91801121849, 5451.935671905932, 5656.528929661231, 5490.3741746607575
5473.537340960553, 5689.759017149389, 5260.035239154701, 5400.317693878197, 4824.6342895689995, 5606.149340337219, 5538.0851514036, 5570.073463507107
5580.967970479464, 5616.851144706024, 5295.154905453864, 5560.8905275086445, 4840.774133954176, 5601.020535492224, 5673.025385743222, 5627.722449375366
5590.987521042092, 5306.814433097124, 5227.263693137284, 5652.45744300237, 5059.950880571066, 5544.697902036558, 5621.171208340842, 5655.269674920266
5577.367332652839, 5555.698287437602, 5099.744621115935, 5492.602566967925, 5086.481227237451, 5369.975446209269, 5366.659625075388, 5432.153002231796
5542.621719170728, 5624.125981370862, 4768.167476450481, 5584.306145963614, 5296.024271710843, 5606.708303784081, 5581.142257203543, 5443.135380103342
5592.941072679484, 5629.576727489665, 5019.13999724166, 5640.020506480542, 5365.094982498832, 5553.940182859276, 5562.395525648727, 5422.00792956846
5493.0396112890385, 5307.227567127852, 5026.256114606258, 5683.799225405622, 5333.387145743959, 5649.016117379003, 5607.3219815493085, 5285.4575334685205
5573.580977818227, 5580.346801707793, 5249.856042310871, 5576.696856254449, 5332.83153020473, 5569.072141733711, 5685.032594053127, 5665.229840377498
5559.195763152462, 5524.555559078723, 5346.881400577016, 5397.197124872664, 5380.1123101516405, 5395.210328746956, 5449.467534654019, 5622.78714253655
5698.374112300471, 5538.158952793586, 5447.779612179476, 5264.740423143371, 5370.776953026332, 5368.094824638472, 5528.4715367661265, 5643.406395227047
5568.179844229945, 5736.088411804069, 5281.257381716743, 5539.401813034178, 5215.170912044664, 5456.378311186296, 5555.032758160365, 5650.857393001315
5369.047546151659, 5703.373531769161, 5302.635949131395, 5591.623771867691, 5159.166454181557, 5491.009853769073, 5566.220084813679, 4992.796544139746
5428.914036110656, 5484.731936062011, 5115.542074912281, 5636.220334243231, 5110.604311527053, 5572.137711554202, 5517.164301875049, 5306.272564278
5496.037847063609, 5401.041756812408, 5412.965266062688, 5351.286042453275, 5310.862406041893, 5412.187116094672, 5606.204605433882, 5331.331425073557
5470.307722772085, 5627.05939319835, 5372.704958385257, 5167.940770579687, 5326.729717813632, 5586.732111220481, 5561.921487269706, 5448.501050167191
5482.9030854388775, 5647.692914365956, 5294.541023348811, 5576.831860694362, 5370.215055720166, 5589.422123739512, 5663.670094398873, 5408.651799757644
5577.96838587937, 5491.362451444643, 5331.448018522057, 5577.144330747618, 5402.751775140697, 5604.644475765999, 5657.263273777527, 5547.70830052128
5750.027416207355, 5709.7663343857585, 5289.259415357056, 5375.335773093292, 5328.3702689599295, 5332.089695544727, 5586.96158616368, 5485.753465854357
5394.485550419508, 5657.2449696258445, 5331.184424383948, 5481.178229119091, 5407.573514804579, 5562.729256279505, 5603.587350833392, 5481.7298431344025
5560.293490121877, 5650.323555077427, 5220.601658432729, 5249.082476004067, 4963.893782947883, 5576.905620516578, 5518.6574176242, 5646.351245748418
5589.867162615802, 5766.84696935981, 4703.543575762794, 5502.263744483834, 5206.465234318244, 4937.158410343544, 5071.275347511965, 5262.440773205185
5627.295288740749, 5157.630536777272, 4962.133190876598, 5706.380821595725, 5438.424698894183, 5501.866512368408, 5523.597107181979, 5086.8732799476065
5350.158209487806, 5540.864818503385, 5101.254203441765, 5674.746974951368, 5324.090700526187, 5618.467250267333, 5380.529922497606, 5337.462864690256
5595.4250896209605, 5679.144637971521, 5403.552831015914, 5580.211453760945, 5361.387784735634, 5479.705165853618, 5670.694857085904, 5566.530374855162
5364.436254857409, 5701.712348205604, 5363.214015265212, 5615.027212140818, 5184.165506204221, 5619.973000931848, 5674.653052017826, 5589.354724310306
5687.3395355819985, 5735.786861788533, 5305.034667703702, 5562.425151756827, 5320.761785508647, 5535.599740503599, 5641.070116742127, 5122.093299429813
5627.407282485739, 5732.636239406545, 5082.08278151821, 5635.142482410281, 5017.110306058248, 5414.518772964285, 5657.451343680123, 5622.024829450197
5573.827869956554, 5535.817284408399, 5339.386387804064, 5439.936791256085, 5218.164163049707, 5467.5494354518305, 5544.279972142737, 5647.373350189499
5451.887687491058, 5503.5005195932345, 5342.287580859835, 5586.943952072404, 4928.211680368596, 5618.123187500824, 5430.330874552943, 5716.851694971836
5664.040099987782, 5734.2542241299925, 5336.700148205707, 5505.665210051552, 5039.247415439219, 5611.297052896911, 5458.654916302548, 5636.885935015713
5678.568491395444, 5737.87235249367, 5303.947558489547, 5592.946626976953, 5251.53143213871, 5524.557848258616, 5408.217568214805, 5431.005640096353
5238.118487943838, 5764.813914094459, 4854.328288159168, 5398.601138667107, 5303.964154581019, 5503.431974852282, 5370.03334102995, 5700.045032705171
5501.47356960363, 5683.325729532299, 5300.599675876679, 5693.579696395306, 4812.458747639783, 5559.8215519255955, 5678.1776356905075, 5474.435800596545
5344.2208742043285, 5725.261496032219, 5243.711936354391, 5653.050881666541, 5308.713938971397, 5528.687343352703, 5613.79237929125, 5431.971633889997
5585.720498734637, 5716.761423424974, 5440.866237052003, 5295.463275939799, 5375.028131152456, 5505.055220779033, 5369.732443393579, 5686.7961671210005
5430.960686354912, 5684.7834608332805, 5279.5756919225905, 5532.4942904056115, 5442.068996196255, 5038.872761912319, 5582.595727982754, 5542.725142500474
5572.6442828908475, 5506.25716755252, 4849.6250923570215, 5659.081016431304, 5329.74160263022, 5605.0964683070815, 5458.392550293924, 5392.103252895771
5505.476070949349, 5593.181571159446, 5129.207890991625, 5307.911971857186, 5270.3958424746115, 5653.913139987787, 5622.092797857768, 5624.182267610829
5611.111600935583, 5677.32891082985, 5024.351837013589, 5641.202462991158, 5440.810245892713, 5408.11768243162, 5613.153150553457, 5618.144512635472
5625.060523651146, 5713.866884830506, 5420.106829015384, 5530.763968489428, 5380.286015543183, 5617.837646433111, 5553.784910679944, 5616.493634465048
5571.18510993876, 5690.0811809389625, 5302.923149258385, 5478.255057037718, 5343.754141557835, 5447.28177966308, 5598.832637170368, 5164.234647871492
5591.941142580401, 5535.4157569082745, 5350.4809217242055, 5586.865626200868, 5294.979296873945, 5593.771953222036, 5310.978699070915, 5306.829784054679
5655.209472705658, 5485.451864823351, 5318.18202368115, 5553.609865566069, 5363.6516049909, 5406.736964705328, 5635.209472195775, 5494.552619788284
5590.701301958049, 5585.334480316863, 5260.94012867008, 5654.129498310068, 5303.621823481349, 5509.540647123208, 5495.709233889728, 5580.526413353436
5569.542284363895, 5664.942698367709, 5260.180193301286, 5629.703083416851, 5238.46470075595, 5633.9849999117205, 5662.869888688208, 5558.733506079049
5487.248583591535, 5400.968512835263, 5022.220911319843, 5672.5004953093885, 5286.647780413177, 5682.336769273545, 5625.457283530493, 5604.71023158274
5539.3575199683355, 5691.476473253429, 5250.307201552137, 5521.989154866802, 5347.302728217426, 5618.888874284056, 5544.339516611844, 5482.968521469267
5372.1829694213175, 5717.500250828806, 5398.8112371013185, 5480.1361746611265, 5238.49142412058, 5587.863866240267, 5528.574895513934, 5676.001322876173
5525.0653868445515, 5614.8889305886505, 5264.537971289027, 5581.264989242442, 5422.0886837240605, 5575.249897407508, 5569.834501177985, 5620.132514270893
5625.646498517351, 5700.026882768052, 5160.30129702436, 5501.781360151509, 5396.95398143821, 5561.594794066719, 5365.096828032064, 5715.224319648139
5620.235910468724, 5740.556020095595, 5313.6216872876, 5524.588558818704, 5479.242743462313, 5461.717170255603, 5539.115602807196, 5717.472999040395
5544.8743577163605, 5550.660752351161, 5172.709505805304, 5526.758703947148, 5403.454810962965, 5602.575798605559, 5504.549541544123, 5667.698818561519
5450.0657594710665, 5632.4178198630625, 4995.475424315333, 5469.880980880941, 5403.6395012937455, 5428.821784889036, 5537.013637977358, 5370.805566355685
5671.464058775932, 5516.475773502851, 4895.525683578323, 5541.401856119587, 5309.078232294761, 5386.666264014598, 5681.882220901437, 5512.523185025727
5684.297235730065, 5564.375606153033, 4983.966439718142, 5470.72648338871, 4914.680547466865, 5445.520070508464, 5706.910616449343, 5708.543463200243
5671.973866364333, 5611.1346563264415, 5335.12551792554, 5269.5775099507155, 5338.167465276888, 5349.9695348293935, 5643.856936291609, 5333.6536845725905
5696.595032329818, 5625.350699159882, 5211.619307449744, 5295.869187906689, 5349.212430835749, 5320.28428672547, 5610.143248686536, 5627.670899002769
5675.651416023485, 5694.68156900495, 5446.851640294055, 5207.236330193049, 5433.351630780942, 5620.763543128998, 5420.79417053717, 5636.211708806399
5616.478436583993, 4979.93070703859, 5203.042715735379, 5487.507851167901, 5087.084928089054, 5409.016803285566, 5579.5545342473, 5678.901576767601
5683.426364254683, 5427.147165118941, 5377.756810589955, 5543.6652575799235, 5377.805941261573, 5368.980417052681, 5540.222860857924, 5644.731808224803
5583.459644117286, 5141.788539788694, 5153.115750724508, 5467.42094697127, 5116.6482335802975, 5427.935858982265, 5689.261530607498, 5522.272163586097
5658.0384205099, 5372.978799068292, 5393.81461075331, 5633.260232644386, 5259.924791162827, 5370.64587163055, 5154.225741903294, 5573.756363934094
5633.285919921188, 5663.528384788242, 5407.462333980057, 5565.238145760638, 5352.367539471724, 5454.059050154598, 5630.502824622446, 5564.066115274291
5379.139480985071, 5714.9053327555475, 5252.9352234220805, 5603.9865971166955, 5408.13901844744, 5246.053923075034, 5616.751713575111, 5622.884772764645
5641.343073306979, 5664.716354882066, 4858.653900817311, 5564.0510644036385, 5476.077613598303, 5462.505356580206, 5602.999669429522, 5432.397678883993
5569.6917577500435, 5513.499677690646, 5293.173648808096, 5519.258292658573, 5362.868467758079, 5470.2607965390225, 5631.307420367205, 5523.558412242774
5440.349130592296, 5403.001301874399, 5208.20391783607, 5563.4276732209555, 5331.120009111764, 5478.07988740133, 5625.474798545036, 5472.744098667357
5382.683312837207, 5624.297059789143, 5323.921126271755, 5566.7020690082345, 5269.332078079844, 5464.5748681397345, 5635.6198026574575, 5464.688007434638
5689.4708011039875, 5569.157948519749, 5373.811459739087, 5662.2867862037165, 5190.162997955946, 5629.8554207844045, 5607.226840054847, 5251.122473671909
5546.2752776256975, 5603.737870754379, 5139.284924721672, 5640.183877447678, 4486.89648820148, 5561.470191554943, 5682.343987884627, 5489.8074809501695
5038.316980040878, 5612.571634773273, 5144.903575344403, 5676.175367002797, 5361.103185159225, 5374.960873078513, 5618.544694107962, 5605.848647938476
5627.447485100287, 5515.897343887891, 5253.665708237504, 5626.66844105835, 5155.463261193345, 5614.850576876112, 5548.679131224021, 5508.5197643112215
5492.231348265357, 5622.110358185801, 4942.799612481081, 5655.658343605409, 5272.9187838757, 5550.706424780004, 5301.913814252309, 5530.2083706786525
5351.381101180309, 5315.51803446537, 5073.865958035508, 5548.243552289872, 5185.864619315497, 5615.376534069244, 5402.391278399607, 5481.964359957025
5657.964614050087, 5711.868767860582, 5423.074281773122, 5420.074646574363, 5323.399911543431, 5683.016983431396, 5183.767746460692, 5269.473743704314
5599.7915592324935, 5590.381756947566, 5465.748978769511, 5572.4728303686215, 5007.20290473903, 5537.799534192044, 5409.3930319682195, 5600.708867806624
5455.368943104849, 5634.085894707055, 5380.774177531139, 5616.363459390867, 4749.997441812957, 5624.771056815715, 5629.927604117949, 5630.692406185167
5669.302028449733, 5691.355628039215, 5227.944412241171, 5558.290674842699, 4977.468333618614, 5635.772911740799, 5568.137934394685, 5655.3638732686895
5297.789144393252, 5598.872326094877, 5365.8701480355385, 5596.664459046178, 5290.33662298372, 5427.033391795907, 5351.710146061562, 5596.1774258601945
5622.9377318486395, 5745.724986914507, 5376.335384911685, 5627.651355757803, 5038.838220221719, 5449.104172468102, 5194.158047280544, 5691.0008439459125
5566.310845596629, 5474.722936582924, 5349.3948681597985, 5557.894338310471, 5135.305818383067, 5377.40558247982, 5629.052127966235, 5592.135939244381
5331.949665642066, 5531.845566246945, 5412.844716723287, 5674.470527195604, 5280.748925605762, 5301.202433388592, 5619.145607722807, 5578.926350308927
5482.23490798259, 5751.519295929345, 5100.324876187297, 5395.050737150106, 5309.364848948799, 5445.144963344156, 5411.643655975317, 5260.18869793754
5553.174626969374, 5699.997307707346, 5353.456850517503, 5223.443492429466, 5081.707995144677, 5516.434917079312, 5534.821743603369, 5455.971190233487
5508.646917662999, 5687.233775595449, 5261.671881233097, 5543.514931234939, 5356.653155075695, 5259.580255816842, 5677.345200405527, 5558.714190053942
5547.801923492106, 5647.385170653851, 5335.47791985794, 5601.40284382891, 4869.603127038072, 5061.206749057387, 5635.956270361661, 5468.546902298906
5534.909277756638, 5592.211080542271, 5023.5883379850175, 5521.371267793627, 5349.70591201873, 5438.859164673149, 5572.344359316697, 5608.339113141224
5692.776269639173, 5538.410614931504, 5029.14364904822, 5463.355168876377, 5312.075590330784, 5343.922855316393, 5498.265349849352, 5654.347830225698
5626.680379078513, 5695.9551329121205, 5365.648751645855, 5421.443738088881, 5277.807370642173, 5402.01465641307, 5540.165103206605, 5632.136425616728
5744.478061789446, 5668.299086793374, 5354.640583590051, 5591.754979369726, 5392.277603644586, 5595.361358043223, 5658.3718069598945, 5621.024389606418
5685.127363011154, 5739.17178351741, 5090.961928902309, 5595.426233272154, 5340.918979961215, 5259.498042649083, 5633.8765647622295, 5639.750481221704
5639.051160513027, 5551.152005454991, 5193.071383708349, 5631.084216801007, 5349.829803559426, 5369.483048010154, 5652.9628249742955, 5672.00598654938
5492.680476129291, 5781.1202415579655, 5348.11827809295, 5510.3419686207535, 5345.749268750183, 5503.632412920362, 5507.507539941015, 5650.74034877442
5461.176969410225, 5773.394875380163, 5374.188521024408, 4997.220960499467, 5284.004604102711, 5613.008470919362, 5661.814949486307, 5612.704962742179
5627.501842619282, 5614.192819143159, 5372.293080940357, 5409.414664498285, 4781.132427453921, 5540.310084493106, 5647.0510316941145, 5746.546968822098
5575.1280670820815, 5475.4684973239055, 5300.617533901158, 5546.223351813131, 5170.492803366871, 5314.170012632713, 5587.071514438764, 5370.774373096587
5624.315513301039, 5442.794701601314, 5264.823864450112, 5590.7643763679525, 5255.674717965252, 5457.3334604457805, 5324.420003178887, 5609.083469621163
5618.142795715878, 5627.772108946734, 5359.092884972534, 5632.1078447087975, 5409.392094533103, 5634.356354612266, 5447.837951486185, 5527.803102464031
5521.8840604944335, 5736.036569128358, 5332.214453749011, 5460.255802788712, 5179.634030974527, 5544.26708492662, 5416.254948819087, 5628.180209548543
5567.492592505702, 5675.255446988111, 5136.625060450676, 5623.239254029697, 5363.842304661294, 5517.2374266893175, 5529.446664928609, 5389.121619033022
5683.933253506352, 5471.811067501186, 5377.275952832601, 5445.857599165522, 5308.747827441121, 5645.715875494747, 5429.701110781624, 5416.147024799547
5655.741548636545, 5669.596196446757, 5392.619246942527, 5444.172384856364, 5411.934574709145, 5364.179409252566, 5553.991614500649, 5575.807051301779
5581.540288048951, 5739.441960722562, 5365.59654983037, 5395.331657745303, 5155.009844752718, 5621.912309351226, 5557.906816489921, 5404.303401580638
5652.236144749609, 5709.0463137901515, 5352.5324994049115, 5523.799131661103, 5278.033230788724, 5571.989415476067, 5200.248132826731, 5514.782864134535
5383.430919553466, 5673.8255824170865, 5299.306098087844, 5383.304417413378, 5291.365030680624, 5619.214071887937, 5655.500239911784, 5477.381192282532
5601.92992998038, 5642.136426787816, 5349.012887842478, 5644.648323699407, 5384.938205217417, 5657.322171934357, 5399.77522795777, 5712.192412369298
5573.437397379372, 5726.7112001228725, 5350.046219875072, 5354.654230632613, 5252.823082903116, 5553.905073307336, 5501.0580298344685, 5140.6636655006705
5652.818656801729, 5493.929306176073, 5396.676152118346, 5455.994113469133, 5033.620522688108, 5607.124862388925, 5591.011409224994, 5337.165257411384
