-19048.551010860912, -17565.943246122482, -17655.003296602063, -17345.941565238398, -17103.57417784173, -16597.34844942305, -17295.59498461644, -17627.535491776136
-18547.534805898285, -17314.038731252716, -17422.29783896151, -16894.628204482207, -16630.676644358085, -16294.241827107886, -17223.227011039075, -17491.673261687647
-18393.64882624592, -17106.63164982294, -17093.020125208845, -17100.738854832143, -16386.34389212442, -16251.06720486627, -17198.32240012039, -17112.947173729746
-18327.44623577058, -16895.285482476098, -16923.199771800577, -16690.87907200973, -16487.185426417185, -15907.845160516492, -17182.70982344015, -17081.134617803193
-18296.09405411615, -16738.612931519645, -16775.80144122487, -16351.33803778295, -16364.845513827662, -15828.376236738015, -16979.0185959763, -16900.435426244803
-18416.454918344818, -16720.854549997977, -16949.972539864466, -16025.921002132578, -16526.991445682455, -15827.715717609246, -16804.86974506632, -16814.99604500916
-19191.662975419582, -16554.376024255183, -16728.605047956928, -16169.363211505917, -16288.954004764539, -15763.719420922447, -16553.225725579665, -17075.009503728572
-17994.33378228774, -16455.359250771686, -16665.27422068143, -15976.092704841833, -16021.981672054839, -15655.175341818436, -16582.767967516113, -16756.109025899197
-18115.463310237603, -16466.55615033922, -16600.474403105152, -16101.62101655872, -16228.544311151232, -15488.584623694014, -16533.483335270907, -16464.898226069876
-17845.153408631875, -16349.834324965546, -16418.30112087444, -15969.560641951433, -16201.61293656767, -15701.594940185583, -16387.468683352927, -16503.55364325775
-18670.03258824401, -16373.114372415637, -16447.244379574575, -16274.335314107593, -16422.326804682674, -15789.182417402393, -16721.436266249126, -16629.110650291597
-17992.97522097341, -16357.120469759979, -16327.565687073296, -15841.415352283298, -16026.88078243398, -15658.471762175303, -16867.94129444049, -16442.50445169028
-17802.46292741501, -16201.278385077292, -16386.642824174716, -16012.35416986671, -16001.797339915378, -15590.084556755099, -16609.898567719647, -16556.436441043064
-18107.516024465254, -16261.115992862664, -16178.773200771855, -15656.867146318224, -16070.129066210437, -15525.935081412126, -16669.940551007956, -16584.867226518927
-17608.155017250923, -16326.52076928636, -16238.643870337035, -15593.363711297574, -16040.145580942346, -15842.651685404502, -16427.978190058762, -16687.595369426548
-17596.586045732958, -16110.746930713507, -16271.56649229564, -15593.56132904, -16148.688264970437, -15442.757143835597, -16209.746639833751, -17033.536384507843
-18238.621443269196, -16323.276106106066, -16486.8119849197, -15585.145659043366, -16424.300617669083, -15705.968672971041, -15901.314279289147, -16741.174176033262
-17789.725824184916, -16076.931805690443, -16388.278647496743, -15378.787431787332, -16085.235317481338, -15197.686876556523, -16202.1788453488, -16682.121783555285
-17780.629188650742, -16035.666121333628, -16290.911563047168, -16069.171380138192, -16174.366020107802, -15176.77424564148, -16024.469931350643, -16588.754693471245
-17770.392900187697, -16055.953213918448, -16124.841622119775, -15732.98827631905, -16049.774653679005, -15602.547015247965, -16263.928326659074, -16286.098139204176
-17631.57261159942, -15974.899289513454, -16239.283143443829, -15508.12822252471, -15978.968175097603, -15162.526617913943, -15923.256523548913, -16193.436285189515
-17644.942027945606, -16032.284302885368, -16166.023587240668, -15602.442947713913, -16056.998088997934, -15094.289092658308, -15722.541253551193, -16342.850711796396
-17646.192865992023, -16004.596455157514, -16411.08622152223, -15954.268570170867, -16227.681052447111, -14920.043908064763, -15962.114887122898, -16388.11968821897
-17764.057701670907, -15968.15086582718, -16280.54157648854, -15913.45972140862, -16150.487246664688, -14971.53454326027, -16218.596492289482, -16643.33185167044
-17772.387104241567, -15998.168708367424, -16382.765907435672, -15576.028245834243, -16042.277546889787, -14935.077382786549, -16129.075959855594, -16451.610235964778
-17953.05381835242, -16124.543698256188, -16139.702189799571, -15853.293451858832, -16159.31463090306, -14881.090438469802, -15752.574873531836, -16370.285348361154
-17569.421822396325, -15896.938979560267, -15971.47396247302, -15468.078820358198, -16185.95881152474, -14622.067950023325, -15567.85547577811, -16663.654163984847
-17777.215581662433, -15964.000323864837, -16016.014172382607, -15531.621509435883, -16092.859669088719, -14960.216885553833, -15701.061479021168, -16117.770803103122
-17477.806796594967, -16012.76617437277, -16154.823535265074, -16202.046711971985, -15996.185450984905, -14712.291589037304, -15464.497492658893, -16037.01447515292
-17371.12409184721, -15956.16164456724, -16104.827086221212, -15533.579039367627, -15959.12266825466, -14571.016364756188, -15912.574615798185, -16310.43312079519
-18070.71884572336, -15939.106190883123, -15928.85590000073, -15730.499802202188, -16026.40396543761, -14509.199842483336, -15650.88139779664, -15930.08337169696
-17749.119788847453, -16035.581445461014, -16062.776458074142, -15887.008637664416, -16147.123133683232, -14394.315906952206, -15478.483477987395, -16139.32253979373
-18147.81315321917, -15871.57918808677, -16111.892651706485, -15898.01621726683, -16137.481368630235, -14542.088134114423, -15291.161381867963, -16267.686203439664
-17849.153653196397, -15900.87293005102, -16200.198057974754, -15577.774081561256, -16482.671628427677, -14421.290881744404, -15959.502643843825, -15813.533816890493
-17687.373772160736, -15845.907641057163, -16051.24661491713, -15225.807273830313, -16194.261053665798, -14341.601030970394, -15377.512418638293, -15894.590106830428
-17623.80855277191, -15926.393900431187, -15983.759301719509, -15722.45198540497, -16129.44152850471, -14525.764109645368, -15445.11446386854, -15700.020342763746
-17872.24232445811, -15904.692621145688, -15969.16824000447, -16361.457175832133, -16254.19226767511, -14520.235131770089, -15643.952157222915, -15725.68272320107
-17770.077428587072, -15836.822110134803, -16104.160289376352, -15326.97541815093, -16183.504774588531, -14503.448847371961, -15874.093096611927, -15733.042068905239
-18233.37486633896, -15998.839551863724, -15569.920931059109, -15454.340799896096, -16650.00809482154, -14685.42173076104, -15654.582597077955, -15732.671503424095
-17410.770629775758, -15895.597320750552, -15659.175133814892, -15258.7017666938, -16281.706118743243, -14401.007352153552, -15367.272023170579, -15665.409366529668
-18256.437611533078, -16030.636004022408, -15457.661817330527, -15677.60408638099, -16083.80381857873, -14450.927088944778, -15168.545772592439, -15650.090632135138
-17984.85373657237, -15886.256473056716, -15531.568127530341, -15602.427686385796, -16165.944124005264, -14460.820850264847, -15185.100556966445, -15602.516264411886
-17553.13331153995, -15721.546085464915, -15357.682513624666, -15430.895961378004, -16071.836494965297, -14462.630698151379, -15445.379038058465, -15673.590958598068
-17759.914874028847, -15756.76021285868, -15744.827479035099, -15759.751586793947, -16032.558159050153, -14323.09145499624, -15614.949805056942, -15298.254713057902
-17533.21642980063, -15761.714517890341, -15868.584955886736, -15402.69518345019, -16000.410117278754, -14377.909019037173, -15646.599461948126, -15293.817547266264
-17427.700162322148, -15733.226310180975, -15605.154863203135, -15661.19733128294, -16025.731564141843, -14418.763450190288, -15156.330300709633, -15569.43274104197
-17797.34578173119, -15843.630837195848, -15584.289624229663, -15868.33593637333, -15902.568640653497, -14165.204155650245, -15388.802274094836, -15516.368089330566
-18333.978563508765, -15670.33639612724, -15596.514727824662, -15400.164010681892, -16141.4128060716, -14096.452732808386, -15651.53110593865, -15221.371057558352
-18814.997848258346, -15695.54634025874, -15496.923737102725, -16065.241050520663, -15868.516540487686, -14357.093341297294, -15082.420863122734, -14844.241554259594
-17819.978080524295, -15670.610072373083, -15985.875977748836, -15991.991805918886, -16110.564141923573, -14245.879141302054, -15338.998210475114, -15087.28728616629
-17558.657859704577, -15826.249061342274, -15609.752444680384, -15126.17746495136, -15785.356103544304, -14404.88624166722, -15205.544506180046, -14932.76534647457
-18023.15543962187, -15813.602275128143, -15754.840194924756, -15455.774536828669, -16141.175555806685, -14331.355344869158, -15268.12051675169, -15192.977942313371
-17907.53886202394, -16063.940652775214, -15488.505901853508, -15574.194440132034, -15864.99585639001, -14235.487318222109, -15039.673051753789, -14932.693973023097
-17977.69507625028, -15904.877191109543, -15808.411547184829, -15324.665567416752, -15696.953000411242, -14329.736469779886, -15422.449991011048, -15283.64027159121
-17488.716374845357, -15686.153115230309, -15410.266717185323, -15075.761756723006, -15806.311795929249, -14306.720812067255, -15087.201190977461, -15430.749724375406
-17707.464067176385, -15704.59826783836, -15550.152475113542, -15035.802424830259, -15672.63562750139, -14188.903758977704, -15279.664180241636, -15057.102406720247
-18000.485308110656, -15556.149999090343, -15462.170142658304, -15525.402665334987, -15659.7981944535, -14433.152597824708, -15156.939687225287, -15573.164721430234
-17967.53716790105, -15865.88064583027, -15192.470926931792, -15128.763114138614, -15902.235833044508, -14511.236528982461, -15070.19084559813, -15671.10170043486
-17885.807122790193, -15712.333546711534, -15243.28396218749, -15528.388680485092, -16184.104943755647, -14643.428123225602, -15477.717314038911, -14946.287644335245
-17828.810288354052, -15626.566931317146, -15379.04799455661, -15919.043280733827, -16048.45286522876, -14965.14855880025, -15424.624157746774, -15144.776440910866
-18153.47057892141, -15798.412192844477, -15459.445620304783, -15295.048442613577, -16096.685752163283, -14259.331887667053, -15881.140881433823, -15043.163815017559
-18087.224713554853, -15792.98038525975, -15395.37579344324, -15191.251551165238, -15912.157820229571, -14306.909398352236, -15952.930313815416, -15028.844080671639
-18083.24703046566, -15669.517999163638, -15533.438185401334, -15996.365568640718, -16279.252118006989, -14197.421458757315, -15069.46441388029, -15177.722473135962
-17933.486107540568, -15590.774435908306, -15513.448448098334, -15564.420047187872, -16066.530510485089, -14188.148082348649, -15081.97121427126, -15538.836668547021
-17961.99304481515, -15497.449044925812, -15723.031552937799, -15275.845396602223, -16178.221194198075, -14142.705774740523, -16012.556968097184, -15263.392082288607
-17457.095614177088, -15555.794496647743, -15214.882605247853, -15733.629341588217, -15918.706726317028, -14209.415512370313, -15236.832310586964, -15298.316631505058
-17702.53869938653, -15812.531616775823, -15365.163460816842, -15586.409087906217, -15840.04720422659, -13981.872963576, -15446.917397360121, -15312.574022457096
-17741.24446796143, -15651.463994527854, -15671.329973394077, -15997.929416149069, -15835.267844813729, -14166.36594561652, -15663.056337699636, -15669.760048699654
-17763.2096553586, -15667.153441753617, -14948.578835576494, -15069.399889714143, -16013.839706387735, -14673.23668938112, -15289.112971673427, -15575.35812571003
-17541.17209489667, -15787.819454574399, -15000.9130579874, -15223.94455007429, -16141.388591498127, -14221.987000191102, -15305.70439656333, -15675.184547179155
-17614.65828534156, -15639.77760713235, -15182.409737671254, -15140.237299477883, -16028.62297991745, -14287.29747563858, -14673.070879221372, -14980.696357442106
-18205.31279068901, -15629.262952076206, -15540.387879345886, -14765.478664737991, -15996.86335985792, -14065.307831950218, -15434.594237148798, -14955.626360408764
-17820.740873221737, -15623.287915804547, -15489.113555796557, -14856.801424304449, -15842.066841184096, -14055.670419816774, -15395.280570782408, -14782.890998824409
-17795.60441308192, -15542.909103583355, -14985.286548966138, -15164.939613475333, -15829.737407685321, -14114.708891670347, -15387.092308393509, -15142.242131517029
-17710.85210766302, -15607.740767121666, -15127.107122478636, -15245.389709197785, -16137.664272674709, -13957.059926063275, -15610.387295884246, -15146.716654257396
-18105.52882175629, -15698.823421905165, -14940.460294484601, -15708.838347316743, -15834.168048557056, -14020.133121033898, -15482.468565521041, -15189.856156483384
-18156.344767340022, -15688.29677625852, -15010.97653297335, -15488.823025351514, -15648.973729306339, -14138.611548998775, -14594.375414667567, -14906.358051671268
-17496.06579407357, -15621.125753460516, -15355.961538501218, -15416.535534878527, -15477.774437859987, -14182.201465271854, -15640.603485710828, -14947.64753211357
-18134.53188264293, -15616.157925345937, -15320.626707644065, -15071.176937877739, -15934.965637357971, -13857.408425575708, -15161.430889412779, -15333.62823069032
-17658.62853329736, -15546.162903826234, -15389.08039959942, -15172.894072190944, -15599.307661106974, -14166.30126115826, -14679.949910045048, -15580.12957857496
-18124.852758460613, -15677.308021368463, -15734.485114092824, -15282.84240929209, -15695.930768139304, -14243.64258456575, -14840.349468682702, -15172.364307985485
-17697.288188655486, -15457.691938907767, -15231.2336544805, -14799.123610938537, -15747.535288338991, -14188.531974237985, -14946.664665838478, -15062.632870344805
-17864.72377827029, -15559.683429516315, -14951.201455523196, -14623.103641651831, -15733.154667259338, -13810.651019126433, -15205.9504645393, -15388.608893766946
-17316.393216499822, -15563.848185324949, -15284.770184827634, -15124.093561689393, -15922.571201435645, -13898.942247886043, -15864.377573695801, -15837.76432237067
-17809.587114719376, -15644.800603640551, -14916.491235695043, -15321.46556518937, -15457.566357312626, -13920.79347140006, -15031.233132206366, -15299.440772839118
-17689.680229830934, -15759.141058597066, -14677.411361458078, -15685.88441342236, -15345.804717722633, -13924.870401721142, -15246.502100754624, -15132.210772912806
-17299.74335773906, -15745.816947300418, -15166.027878187886, -15801.620796477164, -15628.939393776338, -14009.244313757883, -15757.989292267424, -14953.063335138337
-17311.781933413855, -15879.440010114833, -15122.104653344966, -15524.499585004274, -15724.383494002946, -13928.209933274704, -15460.51981410662, -15388.505601630459
-17564.74869073437, -15801.578096428875, -15493.170974176508, -15378.086024245464, -15896.947782983887, -14052.441668812124, -15481.274069389334, -14560.934598959611
-17274.24258623647, -15597.015116937195, -14847.812921291457, -15439.727925600188, -15746.532448484913, -14104.772769739147, -14966.51824165072, -15429.030415905505
-17429.822397301083, -15811.099164618025, -14792.628289842349, -14924.265342823295, -15532.168735654916, -13989.773604101647, -15584.838680309374, -15450.269728333904
-17905.56741332807, -15659.005374591809, -15135.917404089072, -14860.048095156146, -15484.853734952963, -13964.208832933527, -15629.610055562092, -15380.058620307485
-17852.045573296036, -15698.335751086424, -14989.169855165293, -15561.96699590747, -15581.234514459218, -13953.286451845335, -14932.198602458771, -15238.79340236455
-18278.055629445356, -15753.51440407423, -15390.85419001851, -15343.163852385509, -15781.010955080983, -14232.847229281844, -15463.754385414712, -14982.143732906878
-17620.161659980382, -15597.834637669577, -15733.73808806571, -15187.402702915746, -15899.906411501108, -14316.391405015787, -15569.670690964667, -15079.030519179287
-17558.649016253636, -16156.58801757757, -15094.972044054775, -15054.740860421138, -15776.891561753106, -14133.2583517733, -15164.862674542279, -15450.481866405073
-17469.435724036935, -15764.226281962625, -15481.889210477984, -15244.320830195451, -16222.858648555983, -14403.350294598491, -15270.43706172376, -15281.57332737839
-17273.23717334354, -15745.843546349271, -15083.232525961594, -15032.081003130774, -16112.53826750135, -14181.23551186297, -15117.705577907042, -14883.27427372868
-18188.116928979827, -15706.407578251465, -15322.278309207779, -15208.02091264454, -16076.134942573735, -14028.366251098898, -15181.636367978415, -14450.78831041808
-17763.931840632165, -15646.648377612051, -14747.67088173203, -15711.320563005243, -15931.371380872684, -14071.53521617163, -15172.709815808767, -14796.584787184669
-17376.170136818626, -15629.863023926868, -15006.223813391698, -15153.120370743307, -16034.01657188333, -14139.200533886971, -15180.798288490283, -15160.873628483325
-17675.01644811042, -15599.185175721032, -14817.951536978511, -15067.549646760135, -15815.02990678608, -14084.268465304745, -14977.3261432308, -15193.27008737795
-17530.91658208073, -15776.201430800429, -14605.155748818866, -14978.981042141611, -16195.504666747926, -13798.516201993889, -14585.420255132054, -15254.582371156515
-17971.487787131682, -15667.609589993266, -14779.021001638144, -15296.339784615244, -15793.275827454607, -13837.532214047324, -15122.90666338037, -14743.118829852581
-18753.676448012215, -16126.298556389685, -14937.013328210975, -15191.021969030446, -16038.204481346653, -13762.307833814924, -15564.83025607191, -15147.714988732403
-17602.63458330847, -15788.12317540028, -14838.771500443601, -15309.257514245048, -15880.79836415091, -14109.12192300784, -15203.865155667234, -15056.356251054029
-17546.960520720302, -15876.609835923044, -15352.929320062343, -15367.196080650348, -15942.05722703594, -14285.238761253597, -15099.761948010855, -14964.012047350481
-17556.80088290863, -15722.354002276374, -15030.094354998506, -15634.88717216668, -15797.172711578667, -14219.968660575398, -14755.292292321392, -14559.4113476383
-17526.105343816143, -15596.302557612797, -14865.45545085079, -15179.568785912033, -15929.742611504555, -13861.868560160052, -15255.645890252867, -14535.16865823168
-18160.18776787463, -15945.668202867919, -14623.99367960459, -14853.010022503078, -15869.51331365189, -13905.85956033817, -14922.711273622903, -14634.051976694613
-17584.58860693045, -15733.786849526488, -14779.697158246076, -15202.69372173765, -16196.834695326525, -13898.731661261274, -14959.419174954377, -14493.388207319449
-17917.571874945363, -15622.853390116265, -14654.840627760028, -14799.593206062005, -15947.751716366512, -13755.585629513082, -14960.47408091905, -14389.570859644158
-17710.832041451555, -15611.577926650332, -14823.18696967077, -14915.143672703036, -15628.263445856943, -13615.841427969212, -15255.453309161167, -14217.426855833171
-17548.307456710416, -15826.580855356893, -14641.230515564996, -15243.71477275562, -16199.637523635396, -13941.203879381219, -14733.257502180233, -15142.246834762595
-17743.63296706, -15743.113102541945, -14488.864844283276, -15246.251268230788, -16124.799670526096, -13732.371677202302, -14664.997658778413, -14786.905929139757
-17468.334958206335, -15766.810552357134, -14753.57559391275, -15481.347180639588, -15882.323552965712, -13925.584367431924, -14788.510126866202, -14326.434183793146
-18066.999656055006, -15567.510327629123, -14688.732027400665, -15533.323275661854, -15409.69886943336, -13671.032871729707, -15187.007845501688, -14527.834348111857
-17470.41009527768, -15584.354339864693, -14840.583971560174, -14926.278571106766, -15651.558733977176, -13589.684353238978, -15008.257384381932, -14295.279237636718
-17288.531759633657, -15567.43327016056, -15343.620870881721, -15134.210645979929, -15893.82374544673, -13659.49865299432, -14924.289496878895, -14497.618757279279
-17685.283427089773, -15998.821302416653, -15190.736972738758, -15074.94541072342, -15933.053979823093, -13824.583963097044, -15132.788860465687, -14581.325330502357
-17962.474470874047, -15872.47067160667, -15316.12389364337, -15101.124966113177, -15626.520853851483, -14024.230599177185, -15048.566064137409, -14131.793158118773
-17788.754832600152, -15880.292617502315, -14989.814069975735, -15539.825151144281, -16001.554212715457, -13785.043078823503, -14881.57834109811, -14330.852598827398
-17318.703718555556, -15905.239311570247, -14736.550063559966, -15385.920269134858, -15680.979416896416, -13758.2840423544, -14876.523908260604, -14204.657812728181
-17348.959967354596, -15935.673766099553, -15160.87985874368, -14857.463708044195, -15944.750102555683, -13986.47496110425, -15189.928769717348, -14045.667510348982
-17655.109156183367, -16039.663713174155, -15115.982168281058, -15103.587871628833, -15539.496930198555, -13875.152221542237, -14857.765327277657, -13791.27709091231
-17797.071173268472, -16020.46526958804, -15199.233316873848, -15318.674975356815, -16041.5015210953, -13927.50694080498, -14755.698229258294, -14122.333184830874
-17513.714667527693, -16208.058864112389, -15291.822864594667, -15380.945862039229, -15349.081787253419, -13627.816800223334, -15512.528230292253, -14358.91163967387
-17982.477549161293, -16278.495757615685, -15061.242244325584, -15171.39421464502, -15588.15550172353, -13633.3005412268, -15801.144212385556, -14396.980836767154
-17472.380778843097, -16443.66130000239, -15197.438536232243, -15247.910468978727, -15315.491209807586, -13637.22341007217, -14775.091408685521, -14207.797104785079
-17170.98070639674, -16195.443135552614, -14974.163807827723, -15331.017973205984, -15704.249534106088, -13585.066662514744, -15110.375997401861, -14449.81440657651
-17691.89859606485, -16472.786802553845, -14942.702002591246, -15300.130828612448, -15547.266945811838, -13824.682070153778, -15407.486998112734, -14519.951821559129
-17690.83004338563, -16101.303624021006, -14905.239512420303, -15646.992810989419, -15741.40625182092, -13428.312179796407, -15378.653795255335, -13741.165031745044
-17698.85972586226, -16273.721678180267, -15429.76524394912, -15321.40860889646, -15596.326008219172, -13945.085153664415, -15148.131694993812, -13703.424078450567
-17639.64318712671, -16587.324013857276, -15668.49596753204, -15677.137151952677, -15747.36925744994, -13568.531977821736, -15344.825640313144, -13795.744027618533
-17587.737191234122, -16703.324976923755, -15793.387451284683, -15438.028321625188, -15703.535022327767, -13297.695555876157, -15033.906570038544, -13830.10526174352
-18336.793604922404, -17057.26243139243, -15762.206571330902, -14806.031463626008, -15300.778899229308, -13367.992639330629, -15685.188729854943, -13518.474039007824
-17556.849049822536, -16617.62169607799, -15288.4483800037, -15202.813348436106, -15555.63757984867, -13266.538923356133, -14925.72090211433, -14009.865544554932
-18313.60834820245, -16365.839739712443, -15168.833599387843, -15511.068599898685, -15696.161005512071, -13410.312780585835, -15457.804595111502, -12970.012639394301
-17995.521472199223, -16313.393776708399, -15621.010459434972, -14851.413037803051, -15651.785260856934, -13042.918480403789, -15286.835116325057, -12996.524194412756
-17555.178185234196, -16056.374065277907, -15064.525200439408, -14934.480330934673, -15841.563370158845, -13264.794387049707, -14813.334073681712, -13173.8072554861
-17473.816852442764, -15945.330355024433, -14726.788351892093, -15712.189119181045, -15817.381068972925, -12927.456506280147, -15239.90984897347, -13399.706900922865
-17518.610475051304, -16412.604670829736, -14892.764321019027, -15193.381887318686, -15457.00408208601, -12957.411605609354, -14774.357386233813, -13618.009612217758
-17935.096955724057, -16468.787974649855, -15023.241201895595, -15228.546499088508, -15796.345940503583, -12611.313136226101, -14916.578681615363, -13620.74002026732
-17210.362632124237, -16678.81017276943, -15327.5095829236, -15271.941165615568, -15668.65467569684, -12668.836546718187, -15000.928327925181, -13177.150804003813
-17508.307827785087, -16496.101226471463, -15090.382151851049, -15085.358732597573, -15509.127375718806, -12774.261567849517, -15186.192925779276, -13284.379393562891
-17932.019969137313, -16900.160434794245, -14693.359162009057, -15508.271490843616, -15360.902266179764, -12653.474657759602, -15068.578461779778, -13392.33116643579
-17655.29648938678, -16853.275655882466, -14626.497351620752, -15222.599358222027, -15682.713553856789, -12947.345063563165, -14802.095096311894, -13334.394801477965
-17704.798307328027, -16390.502444849895, -15253.122638819475, -15609.6742341088, -15432.261359259108, -12792.134043421629, -15033.718161154042, -13138.512285514355
-18089.096902912024, -15953.132820252267, -14962.337414429021, -15170.95008905429, -15465.658738722403, -13251.229133924659, -14814.645291257531, -13381.95692632076
-17814.413052779015, -15873.686662180035, -15018.900193478026, -15580.20051330798, -15857.292985932732, -12480.131092568996, -14942.787609642854, -13396.926165173536
-17659.009273334104, -15917.840592285926, -14768.431006326358, -15335.03819377656, -15689.257027077907, -12423.55975766756, -15111.225597129134, -13107.625132005684
-17920.706109067025, -15853.40932781119, -15226.876463318502, -14989.087199179057, -15803.28865168898, -12741.520533638695, -15204.769171669783, -13269.206969251221
-17465.318888875776, -15914.562030150855, -15178.248353547213, -15018.069971655299, -15874.468593783402, -12901.672514770824, -14848.328176977824, -13327.228048378936
-17742.10423365518, -16008.62366038074, -15366.426770163158, -15171.632254666116, -15693.31851719941, -12750.757292367876, -15128.865950115849, -13638.578258455978
-17303.65503920935, -16186.4363687637, -15485.35025129907, -14908.191072283977, -15935.806499862229, -13102.674239987473, -15021.842322146626, -13594.106014140265
-17565.12082773675, -16391.03151750222, -14985.651701902621, -14911.955511839087, -15422.960011314755, -12712.940345110048, -15112.871589474382, -13133.08307117618
-18163.011125524885, -16632.302957708293, -15223.25289242709, -15491.24596461401, -15409.679066969464, -13014.109401402908, -14790.546199673323, -13016.188178291204
-17602.359173336197, -16550.923727636942, -14675.219139429366, -15562.468177160454, -15552.84143341319, -12746.347333382251, -14833.78562391319, -13016.750561423067
-18213.418489389787, -16220.149555767932, -14449.945809773302, -15296.739575678284, -15686.82536635172, -12590.899090541589, -14621.666724961482, -12916.843195881336
-18090.54774710901, -16036.77746570877, -15813.923253068568, -15423.865452835937, -15650.207699902552, -12369.330758413362, -15068.135762753835, -12946.283715198011
-17480.884511677705, -16139.875831077044, -15356.243528160334, -14861.415743664731, -15527.753649489481, -12710.786895315503, -15142.291149949353, -12669.10882805218
-17477.94293417115, -16088.173797508107, -15435.824707411037, -15123.522056011741, -15911.359469186384, -12601.816818256595, -14857.859615636411, -12889.209438925101
-17566.453189960306, -16067.689912430787, -15142.724319905017, -14800.567397567202, -15716.73852384159, -12711.256560759184, -15009.020771472866, -13531.646974034387
-17292.976537249637, -16266.491206795285, -14846.343964797521, -15457.092238640746, -15627.566068516451, -12391.978852522883, -14404.791837133815, -13291.084474859748
-17429.017701757082, -16241.477914300876, -14575.523179191496, -15555.067946719959, -15506.738027095837, -12599.23786364853, -14518.587573015067, -13146.59506916265
-17572.903714979904, -16169.332429895598, -14929.864778344925, -15018.709540887288, -15323.59059746765, -12211.866471638175, -14688.855417274022, -13023.564422886766
-17676.400638496783, -16145.324978170322, -14785.55863755122, -15362.290398149902, -15537.601074239605, -12281.4483440682, -14843.467309809967, -13196.317302592346
-17471.18584366614, -15944.12838149083, -15262.072061555033, -15404.427867081904, -15436.227211076764, -11966.688874655092, -14529.682556580385, -13215.9247958493
-17622.314091616616, -16126.90578626381, -14791.451831529876, -14839.941241931496, -15553.735849394028, -12028.672508757438, -14471.550246475857, -13306.79870590945
-17124.591418542277, -16008.377465015103, -15230.9605298735, -15380.800094825767, -15397.014333565941, -11777.02450582676, -14950.231090527224, -13141.451940201952
-17629.291655617973, -15964.332657312218, -14831.486832181821, -15349.654745572252, -15637.284535519728, -12038.125149878497, -15295.870973232175, -13292.635735422667
-17637.030396933984, -15869.198584760436, -14584.29007061, -15634.362540443472, -15430.397513954978, -11826.484722585818, -15039.61449402588, -13439.760600170135
-17661.512026147622, -15775.406468506182, -14622.937228362658, -15673.512247531213, -15114.463630566792, -11879.065686582026, -15088.089780199018, -13180.06187296383
-17395.227084782433, -15828.272027887802, -14304.165864150626, -15223.300163538577, -15346.924171828403, -11906.158778023531, -14569.39242900872, -13000.037368512101
-17489.688452965092, -15727.776127077223, -14233.556089399477, -15106.451373140764, -15079.493295208595, -12141.925521102174, -14778.389900640534, -12971.012476390533
-17612.383024906794, -15682.339937574186, -14624.336427568835, -15040.854015543944, -14949.595520024488, -12015.486514696744, -14818.729497539987, -13277.566822349532
-18122.405141133764, -15833.841389894875, -14483.202628751333, -15299.339638975627, -15574.32091623465, -12261.794801666652, -14930.211038333191, -13047.687345203803
-17575.195080523066, -15660.250564203669, -14485.329587943073, -15177.874322692453, -15259.516675732133, -12132.630422129057, -14675.358038563432, -12647.419841073428
-18238.464726310707, -16297.30199042763, -14930.106829934426, -15355.048905642176, -15452.632057492228, -11798.65196168281, -14816.879425996278, -12712.333234936328
-17545.121652939393, -15906.36046119113, -14398.517687790722, -15242.064532027141, -15357.1166636706, -12359.624861701286, -15035.906968948446, -12518.154529591446
-17712.453344450943, -16063.840278358432, -15052.334313892019, -15585.072121751828, -14956.955887735277, -12114.471345718848, -15181.109739436795, -12886.637763081386
-17830.536601557385, -16037.880310025525, -14998.467430179833, -15127.310032986274, -15418.235899265728, -11970.378592153855, -14770.509774068307, -13482.6089600587
-17304.79405437566, -15846.273795710746, -14771.039917646853, -14995.28350188997, -15325.353714426272, -11969.860015192413, -14801.333628813374, -13414.100392269702
-17627.642683860904, -15994.85699531854, -14727.817257842733, -15131.991898787624, -14828.962599385119, -12543.155889125144, -14527.102457156521, -12730.93313083533
-17076.469586923282, -16186.458350883746, -14478.55184984324, -15022.012615071773, -15302.969755240207, -12262.223869919886, -14492.035630327027, -13503.254964929396
-17213.400750561552, -16064.967297652012, -14880.134585996695, -14924.467797016996, -15695.047514121814, -12184.81391436922, -14584.872744498156, -13457.427492168648
-17075.337572619035, -16112.251059960336, -14359.554686976882, -14758.361507526746, -15259.769627696232, -12660.131027487281, -14586.503155881548, -13276.846027841644
-17034.845975915763, -16328.258850661436, -13919.872146946474, -14886.494488868024, -15516.957718160673, -12365.122714209097, -14797.938531008947, -13552.364590289935
-17136.5127913802, -16457.49329764151, -14144.02733415535, -14870.373417658075, -15124.366458221995, -12077.204761999888, -15232.153349613876, -13781.003048414137
-17613.410460076917, -16386.913406974763, -14291.606554717358, -15650.83387137021, -15191.762498959397, -12224.113928759634, -14789.462361514754, -13204.870448507842
-17299.67822827372, -16497.262753152077, -14804.666104952637, -15071.92136568486, -15350.953002047016, -12298.835400664122, -14954.300693598858, -12780.733518678166
-17230.474597454457, -16254.330389411438, -15041.096643458766, -15244.61117974856, -14780.810246844087, -12236.157164609102, -14773.6169118472, -12653.765908080095
-17685.313374774352, -16406.803363542618, -14566.59090971409, -15446.524037806765, -14837.45342774966, -12001.124590573769, -14430.20462663577, -12581.145372171828
-17639.93437247877, -16155.483804558397, -14751.658758889103, -15102.186909063428, -15060.418639716849, -11792.43870292214, -14260.82286034423, -12688.193108324012
-17859.34717132733, -16382.905744150547, -14596.53284159009, -15191.009940710632, -14774.618478547083, -11841.491750331377, -14618.552498218913, -12357.004705917232
-17557.06076620735, -16249.319483180258, -14404.00094162188, -15342.389251487852, -14522.212402989075, -11891.67664621308, -14408.51721569747, -12696.107297315903
-17294.926794506206, -16196.791252843967, -15106.635978277862, -15453.894043912893, -14430.905988004826, -11870.297287512862, -14780.585840375381, -12743.397978659448
-17711.446829906632, -16268.630585497347, -14297.6838295872, -15252.451535690023, -14375.327302590442, -11693.436092637012, -14496.840571181789, -12607.575635690433
-17792.130264669457, -16074.136943846479, -14798.359431735293, -15260.87938165882, -14548.105378366181, -11718.24805597359, -14268.50226535587, -12615.79409302016
-17545.798446906825, -15970.459718011574, -14389.977848218297, -15240.752439900687, -14846.110239062118, -11784.003740577667, -14290.236311178029, -12886.525815857973
-18022.68414061965, -15812.869122607945, -14674.345940118663, -15020.481735954601, -15087.924302975121, -11667.962287289427, -14306.706898103384, -13271.103929867804
-17470.947243655188, -16062.264741834862, -14419.31061745734, -15280.921707985923, -14906.99916943501, -11596.43453960631, -14402.643608426177, -13541.880824456111
-17789.869538755476, -15776.438371266124, -14218.715347995796, -15535.319096140463, -15045.926185670225, -11733.501621674428, -14415.0779975681, -12967.070955639536
-17278.997562031367, -15849.306997253601, -14479.132228316523, -15093.368848022892, -14768.657554558718, -11490.103294990407, -14615.943895896784, -13275.890756319543
-17347.417327410578, -15949.877934278635, -14510.588128899819, -14853.941086293456, -14691.222695119397, -11790.618840296584, -14690.163645645072, -13079.243842604637
-17908.69208025702, -15948.24832396979, -14776.858304391824, -15358.510738474159, -14733.185796574857, -11569.262402238308, -14463.3303114256, -12696.564666864084
-17311.716480914023, -16043.754729001534, -14616.777017763574, -15283.776435020261, -14911.055086162305, -11591.660530127881, -14353.069384184471, -12996.128050979823
-17689.743525293798, -16057.558926391377, -14659.29899000618, -15532.383068364774, -15053.417973754302, -11615.986365916346, -14284.125941188997, -12960.809356649605
-17250.14737337031, -16027.13719063839, -14381.31458058767, -15134.859009512966, -15134.401097143931, -11944.894838167795, -14410.058340813124, -13307.349254325154
-17554.5986582118, -15975.187923310596, -14311.492696409048, -15386.433024043454, -14412.527916884004, -11973.897945519035, -14381.862354430476, -13067.540424266203
-17233.322023200384, -15912.454976441835, -14381.700175877684, -15785.217845825466, -14625.616469677443, -11711.361045857226, -14668.176505881233, -13528.539735650409
-18361.302256247956, -15868.738493655943, -14752.640052816838, -15756.633811085412, -14511.79820135514, -12461.828145125539, -14178.159539089584, -13344.246611609333
-17706.234310156506, -16093.900384770863, -14400.755518163016, -15418.721861385262, -14295.58251088053, -11989.684113803001, -14233.369523993166, -13291.363313255059
-17936.462405843013, -16023.127863187217, -14101.30353969421, -15637.365440140682, -14495.511011835926, -11742.276905143885, -13951.719446304442, -13438.40223669926
-17327.9064611874, -15745.019715677367, -14160.578759502076, -15119.679964061743, -14237.046043374357, -11714.606825164721, -14190.374327354095, -13572.919743069495
-17444.42364450268, -15953.788021660795, -14402.050735718332, -14876.49368355318, -14518.98587764556, -11933.129231883517, -14444.944251429928, -13232.799157284755
-18532.6749469141, -15844.772129151066, -14326.736933550741, -15149.422711520956, -14487.260462832837, -11684.15792020281, -13860.976546721276, -13000.813522552096
-17605.29302328006, -15730.605834808248, -14634.741997382082, -15411.097547340978, -14260.8511168611, -11828.336673112814, -14321.003442852192, -13242.547492129279
-17423.248024500008, -15788.713464694642, -14392.102805988263, -15920.044318537648, -14648.615410224693, -12147.591887012442, -14218.313225561747, -13160.72569719929
-17429.947810191778, -15738.26622389355, -14896.552045030783, -15319.996355348114, -15056.810345776024, -11858.241409705748, -13765.981038405198, -13533.271097621966
-17499.95671524079, -15983.402882820055, -14615.947755114443, -15325.265413166675, -14276.081214346405, -12138.513341886463, -14361.961264021806, -13232.86209897322
-17151.958618886107, -15997.585397510999, -14944.564310842863, -15356.848493264097, -14503.984127581549, -11721.47849357446, -13855.836149192904, -12944.108452632363
-17472.34630476579, -15890.1409615804, -14530.49741309643, -15208.896335585561, -14552.074457730534, -12687.726168013554, -13857.79665566535, -13374.384379717389
-17740.470610974928, -15894.098888730561, -14767.270689309054, -15659.14723199553, -14255.91511829159, -11888.785871091744, -13986.915024129772, -13045.567283487975
-17385.411865124475, -15754.395628788185, -14879.056488093964, -15035.6444957226, -14396.070386768122, -11916.73679644482, -14043.54098197841, -13140.493438682608
-17759.121818092353, -15747.320694107604, -14340.043730886282, -15349.877032321217, -14512.019548499316, -11841.731814166249, -13818.793864630827, -13108.469311441755
-16961.965649179285, -15851.440663685707, -14628.575618855597, -15377.787541183647, -14903.018347799401, -11902.739787653301, -13558.91642331497, -12947.85505661334
-17264.271922043765, -15674.698464544985, -14553.865342391819, -15328.056040452651, -14305.699237209721, -11921.486094432508, -14000.313306575783, -12928.249948634782
-17193.373313483964, -15822.789380403112, -14435.312276825807, -15808.642059153099, -14620.76511834141, -11922.34768720743, -13668.129892204963, -13024.18391521424
-17127.696090505724, -15783.097998455965, -14645.874926463383, -15028.439517153645, -14397.14836011061, -11804.428112805912, -13754.595489391528, -13101.691923001976
-17327.761288914986, -15755.966024531845, -14401.32620804124, -15011.620086402329, -14229.088486481245, -11853.052196133245, -14077.476041560209, -13142.541540693395
-18351.241113483982, -15637.549369036453, -14185.311276461673, -15469.680329993202, -14725.18689265088, -11850.636280520672, -14002.362090149792, -13357.435228086088
-17767.29833120733, -15754.757364390116, -14059.415617858675, -15168.870911707332, -14420.786769935392, -12284.678760756127, -13976.878245732949, -13063.267362378474
-17704.025397316604, -15498.308519636801, -14152.202710790634, -15034.391457093876, -14602.892757623744, -12014.039238117493, -13766.285199963117, -13278.859648877964
-17441.835401740576, -15672.551079900353, -14229.33029104961, -15389.746779321309, -14179.965482999824, -11629.646692678942, -13884.622249868315, -13066.980537679628
-17506.414584184782, -15889.51626315693, -14114.465977961638, -14796.916306886886, -14232.206976381423, -11503.825962559278, -14145.489742448306, -13156.141073571669
-17067.53982691422, -15512.710067215725, -14414.114502964834, -14834.73071281481, -13999.530319134332, -11521.84084105525, -13913.956302958897, -13017.886995148
-17269.221401237835, -15336.162746149683, -14573.48757820108, -14857.329880808307, -14744.009301880165, -11526.987044935391, -13785.319934651023, -13253.741577333165
-17589.43803032338, -15503.894449951198, -14177.81421438987, -14559.363556830729, -14197.789709808943, -12286.702182900228, -13928.851669886872, -13184.00686192957
-17114.795424632364, -15654.319639501491, -14013.879026414033, -14952.26508410773, -14457.682039029889, -11638.152047034197, -13897.639529218432, -13082.334404177447
-17256.62584067026, -15697.294085910911, -14257.06973208774, -14952.854547329287, -14995.921669384137, -11675.35722413017, -13743.146379806945, -13089.634966060354
-16959.64182769947, -15679.851933020942, -14223.933080692184, -15057.559094521379, -15008.900403816822, -12616.048126156767, -13823.872714039573, -13086.46502393743
-17394.488666716254, -15619.923584901482, -14565.0862144178, -14929.068758227908, -14541.008735366377, -12031.035259822991, -13857.752118963665, -13375.159622093528
-17576.78380216607, -15566.74862852977, -14314.802251932933, -15151.984904263076, -14575.99970388394, -12306.077370235767, -14112.13425230349, -13276.74185827678
-17372.863197457213, -15849.507974054028, -14092.774055008911, -15329.244693611665, -14182.864311346408, -11851.177300648906, -13849.076168363417, -12791.539260304278
-17318.958248713454, -15717.018650909158, -14269.613426586886, -15261.932073596983, -14467.299100451102, -11711.376075770233, -13729.18725116659, -12859.663253928482
-17427.171074871767, -15488.174096361607, -14326.48398138132, -15176.038686338945, -14407.055679793368, -11889.793638373038, -13878.878609297644, -13172.122979336049
-17550.833172684914, -15598.962744826182, -13785.8778228042, -15094.078063332958, -14915.767916094546, -11740.360528438046, -14094.919145729013, -13161.108467033006
-17753.29838846504, -15547.227238358473, -14272.579975462702, -15129.41693220037, -14120.048291305724, -11530.947671334408, -13886.681689818502, -13298.443126802867
-17684.260374216865, -15727.45965445485, -14040.300341366064, -15049.684497220418, -14292.621295781024, -12294.697274600225, -13743.20824503605, -12926.693930682213
-17597.11273313916, -15593.05063321719, -14332.533058876938, -15188.530556717918, -14230.350220433429, -12266.472964536513, -14048.472881526452, -13080.563353967204
-17866.96577652745, -15833.261016824948, -14703.350913223801, -15428.900647725883, -14216.840929728169, -11671.887736680159, -13764.391807246204, -13512.981799736715
-17722.06561368908, -15651.659790651136, -13839.174886763414, -15221.247759779133, -14027.348029119907, -11888.944459440487, -14344.123578046247, -13580.499302607039
-17378.67421564297, -15477.716238889334, -13818.447038722159, -14868.840773774707, -13916.416747573307, -11929.536398375623, -13934.502914468858, -13262.279767334016
-17268.332357349092, -15507.22999375436, -13922.325995677134, -14858.686775860828, -13805.15358351299, -11835.264746735898, -13838.900092811662, -13004.876593628502
-17690.35225042661, -15606.052454964834, -13780.403543268088, -15427.268693169743, -13914.847709262627, -12213.75574913326, -13836.013261167656, -13053.52750641788
-17274.175512909693, -15501.901697848889, -14050.332475483996, -15096.574854133138, -14349.607812713495, -12229.039309473646, -14004.95238551708, -13066.303000380389
-18173.798731293322, -15558.964885304025, -14247.539120558145, -15787.473440170284, -14153.60368194314, -11929.06177619864, -14098.603257224118, -13274.122982441926
-17624.27911422523, -16059.534499071086, -13918.240330533605, -15178.694012981132, -13874.820939673795, -11994.503569167366, -13881.892689627235, -13371.74638541968
-17295.822401839403, -15680.65087634316, -13910.781651142195, -15391.364189390235, -14189.861373845615, -12129.182441149002, -13735.482874368829, -13820.685180739218
-17243.595103693286, -15784.111266048776, -14076.450284561879, -15183.785802424256, -14041.366738233839, -11888.496092594465, -13888.105493361389, -13080.058922727056
-17688.85659104058, -16032.949893525345, -13980.892190834104, -14989.273038429912, -14105.192964450225, -11948.903984310438, -14401.418991996048, -13236.743035635945
-17463.946303483244, -15641.792155894307, -14308.790825153057, -14694.483529160654, -14389.42498634866, -11830.680010329117, -14288.348300300175, -13255.558674599744
-17293.760038925077, -15461.427952039934, -14556.149829208924, -15690.230233410079, -14218.980641761795, -11608.857524317671, -14330.643685686373, -13718.140512265827
-17724.054501861894, -15452.37400564857, -14344.548358378446, -15176.7007212691, -14477.266165706107, -11645.399289647861, -14145.342915547506, -13542.587650629966
-17802.89978142532, -15681.771702876611, -14478.366910970533, -15507.026072281149, -13913.142952779539, -11660.88477426566, -13807.203041645924, -13632.999923943502
-17320.667154309664, -16039.610428266387, -14133.754927300337, -15869.8358130039, -13964.176777210281, -12163.96105045989, -13809.412932853566, -13753.328210566135
-17349.23930662581, -15785.779673879786, -13701.534416769946, -15848.880884971955, -14424.065754662513, -12220.16184279873, -14013.46591589629, -13785.088339172706
-17087.235769078714, -15402.005837722936, -13568.467665651737, -15734.186850054952, -14607.445533683784, -11591.591193199867, -13606.637437619176, -13842.92402499601
-17500.360350770887, -15760.563536397942, -14030.288612608576, -15370.295134470594, -14323.020891873237, -11694.980358260707, -13681.301690329874, -13845.328583840555
-17638.657559955962, -15364.734178742734, -13912.036922565861, -15218.338183294569, -14349.474925621455, -12176.748971952306, -13701.165504926894, -13593.442258199524
-17901.462239765126, -15733.775795588459, -13573.015870393749, -15015.812458250954, -14433.850318488041, -11547.15860105907, -13711.120231083107, -13665.885524815587
-17126.755985410597, -15734.425019603059, -14001.320099925735, -15373.655637722513, -14211.424310158543, -11636.527852516965, -14112.623710157719, -13589.344227565081
-17024.984643465497, -15574.742696613455, -14370.89868502918, -15559.48354865367, -14088.71606002282, -11698.050210056583, -13664.503153338645, -13581.850981431711
-17336.483465172478, -15473.473535226198, -13773.995578149652, -15269.457778040345, -13843.309130337084, -11482.9138363804, -14260.388426323632, -13776.02808713135
-17841.990828595415, -15766.810459449513, -13905.213438514442, -14983.892530729368, -14048.065844077963, -11719.115484568263, -14320.299658327544, -13573.436174263285
-17950.876733034293, -15891.56769170558, -13965.207483531243, -15294.36304722171, -14205.039894656866, -11811.47435187001, -13486.315426438376, -13397.198306274866
-17428.878800644343, -15409.611959337539, -13655.693593865479, -15455.453521951416, -14115.71922062068, -11645.143712055495, -13451.203475697073, -13992.71776287577
-17262.740050669116, -15542.584884615326, -13702.417872433689, -15642.510055216837, -14141.198234134688, -11834.2143137301, -13561.012442310855, -13732.87783887443
-17214.171897024098, -15269.900310633104, -13880.366134223348, -15356.747572785001, -14250.085640345045, -11926.645743154877, -13362.689993293567, -13813.100039951187
-17785.18716084951, -15075.423095860802, -14197.97533939739, -15336.47457568307, -14104.801650846965, -11866.551973048381, -13592.948577135126, -13798.544544918204
-17299.96026793413, -15192.334308450525, -13489.703441071615, -15386.524156417012, -13752.896610549415, -12113.647655828596, -13374.114415284366, -13780.625685120596
-17428.27594494297, -14989.172913677838, -14072.398486247406, -15320.443154579609, -13837.520818470166, -12149.545339382164, -13557.248164107827, -13886.301479063599
-17416.028869139984, -15357.528552639596, -13951.271029226871, -14803.558975112435, -13908.414594719045, -11777.193254494232, -13283.28715859929, -14148.920425835448
-17397.094209881307, -14980.868515156604, -13677.735795760567, -15209.569791327938, -13803.178664875852, -11774.026971448275, -13412.25020178048, -14049.732203829935
-17099.325126991716, -15187.6631959636, -13403.67771292507, -15503.120768991048, -13678.771414754337, -11814.906336166618, -13315.95652134791, -13998.883125192546
-18051.572116251646, -15198.381657920088, -13634.474585266611, -15277.48531020865, -13584.346492861261, -11754.933431226034, -13335.230784139052, -14005.929209443322
-17294.76244625671, -14991.43439063999, -13739.34172173663, -15137.612252067811, -13885.7549510132, -11810.31125911213, -13597.435867565262, -14098.763956513772
-17465.27818467873, -14890.412336894213, -14333.388768072678, -14757.267750806142, -13852.238656726759, -11854.909566291342, -13492.944699240536, -14014.207935994602
-17396.6239491992, -15384.273373433149, -14237.127448479923, -15173.631845716465, -13970.43398431932, -12375.100274901222, -13336.309876601605, -14044.243992297628
-17463.806272539998, -14691.75000959821, -13410.594961103683, -14852.186861479668, -13944.40383938782, -11935.570175357325, -13386.11863736897, -13916.924614369404
-17545.040303982645, -14800.421758245731, -13378.762700037767, -14849.599858954874, -13669.30022147105, -11714.218554558798, -13437.21216105209, -13852.255983185323
-17140.66770420075, -14865.021422596075, -13839.10905644147, -15035.013255581294, -13912.959698484316, -12096.376359532835, -13731.590903842736, -14029.211319180524
-17879.625297543436, -14955.120253732566, -13732.0758185844, -14876.62466602322, -13472.615522912058, -12072.087752548727, -13392.574769543773, -13983.351091996954
-17741.379768927003, -14685.875959572344, -13619.010821978549, -15123.573984688086, -14128.525232673366, -11815.523946657771, -13380.55060061107, -13890.647251929782
-17229.925787871274, -14609.08627319879, -13770.043584599924, -15070.87586920073, -13704.633366506074, -12084.222741698904, -13340.707324416966, -14015.86434207248
-17242.27467958211, -14318.061638990679, -13275.5604611581, -15007.156315364842, -13736.311207199818, -11631.274125504238, -13549.974351608842, -14045.36052292687
-17528.345964439635, -14611.221813296419, -13600.035915510889, -15070.357395471026, -13585.194082694596, -11845.095866285654, -13529.99262504715, -14072.069710393193
-17239.396410145688, -15192.362413310335, -13764.228778451783, -15221.546249149453, -13621.743639008102, -11945.48876860676, -13302.159897893764, -13909.027193773923
-17675.112790412688, -14461.674853344797, -13371.25090646657, -14898.204786685428, -13589.351776954103, -11602.346828884149, -13332.582498764059, -14081.01644200351
