-8820.517249485396, -8897.912661391983, -9029.344578640474, -8924.742142796638, -8896.359387545057, -9011.83058490745, -9013.45745068293, -9042.384592831533
-8424.0884042989, -8509.601212430118, -8636.749393843256, -8534.890160975236, -8498.943883574002, -8613.34039231651, -8662.552375400472, -8597.498009186724
-8185.217009150437, -8282.585275175365, -8398.548146349689, -8307.896715386394, -8232.197964705741, -8441.593386862849, -8272.419765799088, -8360.340319090117
-7975.113533574688, -8200.11938027288, -8161.661258334541, -8104.867572387834, -8091.4916802739945, -8204.49283237305, -8098.36276765411, -8284.140625694687
-7849.45938453614, -8024.234616986437, -8019.126767589636, -8015.341422490782, -7945.158712887316, -8047.026266010687, -7996.485695807344, -8321.291322669986
-7814.502172685843, -7854.809328173296, -7900.443714105951, -7901.009312068453, -7877.930101689794, -7982.753973630497, -7893.149516080032, -8046.917777808574
-7776.88749305616, -7790.44381569794, -7926.200451019448, -7762.486650100379, -7801.948252713236, -7845.550951848963, -7796.030416831901, -7922.594879916881
-7676.509305460278, -7719.323417746561, -7802.282150811342, -7719.931976343275, -7804.9271789458435, -7807.844873623685, -7750.23200885495, -7821.870504996507
-7553.764913669855, -7689.810627320947, -7812.478826608449, -7781.052834615075, -7664.979159856041, -7748.333130074249, -7719.657567400332, -7760.591393270168
-7555.911124886966, -7634.600327847596, -7665.659277593438, -7659.8358137174155, -7636.014261166373, -7670.522409367015, -7698.0242413652, -7704.089585551548
-7483.13818991406, -7591.51984144869, -7639.594268963597, -7622.745846480127, -7548.914141813861, -7677.536574388611, -7578.186706932329, -7682.234131233319
-7431.0332934026765, -7631.835920264045, -7572.492939422626, -7492.339703506817, -7510.616968285826, -7580.720387091268, -7558.314231570941, -7613.514056355431
-7411.982501394859, -7526.477418931341, -7615.1596744912795, -7512.817928100482, -7511.306098916531, -7605.7068159809305, -7599.979934435755, -7612.768367028124
-7401.93436010643, -7569.613845015017, -7608.676433980498, -7646.010098598865, -7469.417290667366, -7569.484920096476, -7563.4155185895925, -7575.7979208117185
-7437.914471499151, -7516.98634112137, -7501.883266874413, -7515.1760855655, -7459.3003213228785, -7487.106547984535, -7478.445589823685, -7515.179721695868
-7366.366961235537, -7588.52117947976, -7474.8596070718595, -7447.700005630656, -7393.51738288919, -7482.869294871394, -7458.118655636952, -7512.388489033052
-7339.3164367657155, -7462.21212349498, -7542.532715357953, -7402.756658792397, -7530.820425250537, -7580.7975987409945, -7435.821410531693, -7473.469918132017
-7281.327125469134, -7537.63229814747, -7456.737470747122, -7384.296550950509, -7359.198831601075, -7414.158015849509, -7432.821550733665, -7473.840438320515
-7336.326051669028, -7454.66226016176, -7425.35649889087, -7482.447477930337, -7383.117968708752, -7391.180041362259, -7529.372327271495, -7514.144516027559
-7255.790340833166, -7427.425757696479, -7390.708878346893, -7327.162763354199, -7315.450983778488, -7359.386006472419, -7367.628911713223, -7479.560415758391
-7323.5778544991945, -7356.794683716917, -7418.251524698765, -7463.631194186928, -7304.21032092445, -7380.468909058647, -7386.542355527607, -7478.574441511913
-7223.10261418767, -7400.198505718956, -7392.009678116962, -7416.562966868779, -7272.423124430311, -7470.594528145906, -7324.240351235752, -7646.215289987084
-7286.598169920586, -7401.023613937163, -7416.947686586548, -7369.7312413824475, -7279.563522563173, -7341.9125374319765, -7367.740137018785, -7396.039821195127
-7238.335271414843, -7291.514488203331, -7352.075712988187, -7287.640082948318, -7261.457698216796, -7440.6473498460455, -7450.943816363332, -7335.145232582416
-7203.0963608294005, -7309.914836218074, -7300.02587436574, -7326.25926262731, -7294.28517598197, -7333.249575514067, -7417.28389501826, -7446.175881698315
-7334.030358040701, -7283.954766210262, -7324.176556065435, -7298.209689288219, -7409.078157610745, -7291.658469891077, -7292.590215356925, -7353.684437461928
-7183.437343062826, -7270.552415019292, -7298.40582925496, -7270.53151385162, -7249.084409742375, -7271.067679853545, -7297.744952479731, -7343.711786115358
-7162.709996562401, -7289.0115260675475, -7322.267941632884, -7246.823479360784, -7282.9190417050095, -7396.1354610459475, -7292.17610342675, -7450.0914562055505
-7299.1463343352725, -7264.219488142176, -7284.440819580465, -7220.3498929646275, -7232.37607598118, -7292.928979211511, -7267.833709371655, -7321.159537148479
-7273.574268781251, -7285.863789522403, -7259.436072353811, -7265.108426426587, -7263.549115057229, -7274.836259161944, -7273.852731197578, -7307.195571511189
-7202.310996681379, -7265.00643962702, -7271.046714042929, -7226.339921058299, -7204.3547782730075, -7413.346526450325, -7243.930303199781, -7375.882764061381
-7165.329327140051, -7391.317231956407, -7250.571403963138, -7257.436491943351, -7171.944978821207, -7222.082292667776, -7294.411023869499, -7400.311711820187
-7143.551626421369, -7300.914694144862, -7227.296494232141, -7225.085419830159, -7272.283557736714, -7363.227638800941, -7386.305476260415, -7256.340438368759
-7122.781328329791, -7217.513350491306, -7307.228226240287, -7244.017660832115, -7402.855269118022, -7208.723332067015, -7222.646009032243, -7367.65390748006
-7120.232727756884, -7229.46276625332, -7465.763397987069, -7236.82550925146, -7279.030862382121, -7203.546384029948, -7198.0266732348855, -7352.679290790642
-7223.794629925796, -7202.040503985009, -7593.748297488757, -7235.1247715748395, -7142.53257392272, -7275.192941102934, -7243.677435970629, -7229.712651530255
-7170.07214149397, -7192.759845102914, -7205.991074910329, -7202.861265682312, -7158.870907180887, -7466.163151831596, -7254.760969230446, -7214.631237080836
-7115.27514843405, -7262.159720821315, -7186.057339162985, -7364.57473735462, -7169.287704546679, -7178.6324732871735, -7212.661547978217, -7203.102984743758
-7150.132956826798, -7248.532796615354, -7239.954946713418, -7380.958076775832, -7135.966497773154, -7216.733153167031, -7224.79545470658, -7287.369737784761
-7155.312552633389, -7168.667899162469, -7188.78017821785, -7213.460063116032, -7133.6326799307135, -7211.950206710632, -7141.669785517776, -7194.387355164643
-7336.380734735514, -7183.566740299558, -7190.091766902302, -7145.9765152042455, -7114.805618402574, -7246.324237493451, -7211.1917838560385, -7327.542368301196
-7123.45935981302, -7216.892273744944, -7200.20638483113, -7483.978703071572, -7164.081008746309, -7140.559226462926, -7225.037874916561, -7270.885286098938
-7205.026022981977, -7203.755438648954, -7160.3877030797, -7320.040833005086, -7119.644636413827, -7251.753410403816, -7159.914202762582, -7196.2904464074545
-7221.7079363262, -7222.014474900134, -7218.361901508682, -7194.579518340079, -7176.402725911936, -7166.047809662968, -7335.137339677033, -7200.480698119664
-7251.1460966829145, -7205.7038845136085, -7183.830993159872, -7205.515203315343, -7222.677768305118, -7128.060678501009, -7233.655048987726, -7202.6278575527895
-7138.197217499165, -7195.296320048493, -7200.135814208304, -7126.541364649529, -7102.585190813224, -7121.512451410492, -7127.074764327215, -7335.7412791288825
-7120.4736264923695, -7124.367795945525, -7207.4532531832365, -7165.042567948065, -7118.660046891131, -7200.993450932554, -7131.71707839399, -7219.951279089269
-7141.599629925638, -7121.75380987423, -7238.660430402591, -7117.176181148575, -7097.34156698679, -7300.8923204688035, -7129.53490900562, -7364.368697791472
-7058.846908051743, -7183.047164567767, -7174.250201123689, -7170.813879537161, -7138.374155690098, -7111.048753656185, -7143.567993790885, -7166.912965469525
-7173.7658829401435, -7162.521633601609, -7112.357312039917, -7204.965075557941, -7124.858430783088, -7089.745456328265, -7154.389426720817, -7205.234463720165
-7290.143131306399, -7235.179751292172, -7141.819284939045, -7130.346053534043, -7077.079001298266, -7108.9306899740905, -7118.530427701052, -7176.967282981818
-7048.813638200827, -7336.161811563737, -7156.1194735532645, -7097.137962729373, -7099.880781669623, -7109.864610641593, -7100.271157546513, -7182.068804620853
-7055.351996458246, -7145.7352188893765, -7133.940122358384, -7212.547944895772, -7060.613224988985, -7132.884645911635, -7079.701327552035, -7174.605617710704
-7032.308230654229, -7121.506373665586, -7112.500727204168, -7149.48906447488, -7204.114229176351, -7133.406929760082, -7157.817761700625, -7115.219645454506
-7046.149599379328, -7236.072759978865, -7143.64378627918, -7079.683036880449, -7098.2603422518405, -7111.842452700821, -7153.694629079712, -7116.678801072655
-7206.228177881102, -7104.8596499154555, -7098.4712105608, -7148.8367598247505, -7037.701904811071, -7164.9440778559465, -7142.165816203345, -7131.157491631291
-7041.779911873299, -7208.4242537580185, -7123.02839242437, -7280.00820151931, -7230.2590211969, -7112.749286193586, -7145.778884350215, -7235.2806975710655
-7087.178300868161, -7099.233995282365, -7112.0061986000155, -7055.246913391737, -7139.658625816202, -7102.528346768882, -7392.971279726585, -7390.421187409701
-7032.334088230914, -7097.682269084074, -7129.870547090374, -7147.5529323095725, -7124.037068954219, -7133.415367052875, -7134.351935730211, -7128.051354739224
-7093.900329766936, -7096.817294029074, -7207.837013727025, -7279.649300208385, -7080.975129740549, -7116.719431462938, -7128.715245511864, -7125.309659520151
-7122.4236516259425, -7101.299980686721, -7123.300625600762, -7108.025039371188, -7163.765140389865, -7111.649205829706, -7105.499060754555, -7125.738463303787
-7110.510881980191, -7156.587969583489, -7102.1879444809665, -7053.802243064703, -7068.027094951279, -7259.506566120323, -7084.694575412899, -7171.049818123835
-7053.141660962658, -7111.563696828858, -7066.678259622962, -7065.768939368276, -7070.9841916596515, -7098.850234548898, -7134.943783044014, -7163.941874862439
-7132.378355750309, -7197.652034154779, -7142.068922082973, -7052.738330276557, -7080.630446243447, -7058.580506383172, -7080.555625130749, -7083.10500510521
-7105.097346672286, -7090.207859695157, -7119.257690752547, -7206.136581563952, -7081.200997241179, -7151.481516801487, -7050.488046098215, -7084.133875866974
-7106.291452986903, -7080.437997471408, -7104.301466122109, -7180.7111785490215, -7029.239729332668, -7185.367717521976, -7178.265581237374, -7179.702084214225
-7051.433351193684, -7090.180440604361, -7187.735663872201, -7059.537757278279, -7028.681992471105, -7144.842837851279, -7329.446816567385, -7141.65861338557
-7101.593692455311, -7230.880482492242, -7201.1711754317175, -7109.620548842837, -7081.189843942327, -7045.817439449912, -7160.2717855632445, -7277.29084997208
-7080.681192619516, -7089.9407818865575, -7086.739368068507, -7098.619880204647, -7053.940839597295, -7106.227517882582, -7157.723618572641, -7133.439889653522
-7030.699061719133, -7105.084886823711, -7053.031371081798, -7074.478921426788, -7042.54435186832, -7171.724601461992, -7039.68172082165, -7179.5182502520065
-7045.835010442701, -7094.6173977179715, -7145.834347443701, -7200.879725393554, -7059.978653845353, -7170.3992990712695, -7124.495096270707, -7102.580903255503
-7060.953603154508, -7041.642152729782, -7076.644116639585, -7096.777130703258, -7117.458340649469, -7114.202621266988, -7193.6353335694885, -7088.437922416894
-7085.998478244613, -7161.720238373557, -7242.553281084546, -7426.463746280855, -7010.5899263383335, -7135.289144834821, -7079.158519578644, -7174.339165422221
-6992.161191422566, -7257.704472125936, -7186.703121033883, -7076.403648203949, -7108.570038478506, -7133.88243758377, -7062.714336635981, -7262.359411492196
-7165.156667915337, -7054.419590585473, -7075.738925395947, -7083.470704030431, -7029.2097310259405, -7041.26522436232, -7031.518319962297, -7075.634095438546
-7000.0568833964735, -7034.522983731606, -7065.65185222701, -7021.362685794971, -7060.655578681809, -7124.887763709372, -7135.416369529614, -7216.229298727441
-7103.34661621165, -7027.611451795172, -7178.228705701133, -7100.100076495175, -7035.580902274501, -7226.59328844846, -7046.133670088396, -7126.38187561679
-7041.747933761101, -7057.011769561625, -7121.984386440497, -7026.305441575698, -7032.045292566533, -7065.334406652315, -7126.904041906202, -7179.093244118841
-7174.603325006528, -7053.741965554232, -7117.101396842843, -7038.032600789822, -7044.718532737793, -7103.253343792947, -7031.389165917446, -7058.125671569129
-7230.068492029957, -7191.775076922799, -7231.165288208006, -7013.7345794252715, -7126.710234962793, -7266.929639190481, -7020.7826356228525, -7136.778624912114
-7106.794568794686, -7115.336782400041, -7145.587862498446, -7078.616087959515, -7014.623292512646, -7202.005595004455, -7038.406928901333, -7260.097386588569
-7000.927129607752, -7213.827395304909, -7080.600679807246, -7052.200631533964, -7067.085902892234, -7041.618946193019, -7151.204565717337, -7166.407840108021
-7076.777164542785, -7017.152437706564, -7071.109397296316, -7025.4813394676685, -7013.976648150268, -7158.209576884189, -7053.300313587107, -7095.411357972745
-7003.600803020986, -7053.67990771957, -7056.718356596672, -6997.630331304872, -7082.399219987119, -7017.160011634916, -7140.138071278873, -7086.07770450136
-7055.574482069969, -7209.994563008712, -7021.05610135445, -7023.553028634271, -7077.983982128185, -7059.98912359269, -7475.86726880154, -7430.272997626282
-7127.667834175875, -7012.20263636159, -7223.727711055001, -7201.761034131097, -7164.041835663482, -7020.981207704144, -7076.875067644184, -7133.335291135117
-7224.727902435549, -7189.013882684192, -7184.07976619005, -7115.107638344513, -7164.599579235761, -7008.2324721247605, -7020.066978079784, -7024.233109399652
-7014.018131579975, -7045.700376631897, -7137.316793536509, -7001.565126665617, -7102.997508732635, -7428.015798630051, -7009.489097996841, -7222.716911672539
-7002.838431958485, -7056.197396158058, -7134.09588600153, -6997.737480270414, -7125.240553031859, -7072.784152776567, -7026.163545920376, -7169.2412066776915
-7006.167215371735, -7045.830230101739, -7020.567318171941, -7034.277738844097, -7170.0139134562, -7049.684240112856, -7008.5537636313775, -7085.8671047319995
-7116.740781125769, -7057.878641899471, -7048.214461903341, -7126.385595144481, -7076.6962658408165, -6996.426048907182, -7158.868053897485, -7051.997337433318
-6979.087477792264, -7014.364786869987, -7117.337258960226, -7152.665602640781, -7077.857544831284, -7053.658067296208, -7018.135893720209, -7215.647983260772
-7018.075673329004, -7035.484314412798, -7107.033737418128, -7088.364889380841, -7347.529545087925, -7034.910556775025, -7088.272110952076, -7135.719222985293
-7084.719270943201, -7120.688110987556, -7058.411440921804, -7040.618468418822, -7041.128766247827, -7022.9665845554055, -7128.444269290451, -7141.347698211884
-7003.349293213076, -7108.180357438521, -7099.717912619575, -7113.34559063832, -7005.836830411717, -7026.30363054013, -7133.715698535699, -7118.615479482092
-6975.829967346033, -7096.0388469498475, -7060.28156764538, -7006.5521012438985, -7151.908344992927, -7032.016289626401, -7010.038612572818, -7152.340622491395
-7174.797314989415, -7179.455391169034, -7077.420087842127, -7017.478324507186, -7128.199102688343, -6999.009005873095, -7177.228966820115, -7038.927399958376
-7063.045728405001, -7044.656885616908, -7062.916000230552, -7175.608910128155, -6988.86247901717, -7127.783977445081, -7016.85961950979, -7026.7283364479035
-7026.289483712327, -7042.670697675983, -7071.7724137431605, -7279.252150664364, -7139.55269962734, -7100.52338974834, -7039.4744377258685, -7086.524736370803
-7076.534692655126, -7055.637423362217, -7008.016271158478, -7060.7428511946055, -7112.742855597752, -7077.447455733416, -7059.839672208722, -7317.967767474222
-7159.482138955313, -7037.22629529916, -7069.4083577540105, -7020.408359013703, -7268.336172305569, -7106.137861801396, -6990.485325224006, -7136.889165396513
-7016.524229517727, -7298.601717196122, -6994.401870616536, -7000.202688697044, -6970.497088743837, -7094.216390256519, -7023.857202058025, -7138.154740173714
-7019.852436796625, -7004.120914831656, -6995.244944682794, -6986.653483079118, -7127.4970126414755, -7125.908740467347, -7073.316798633925, -6997.519630543511
-7006.37228079626, -7104.332015368706, -7088.487300397844, -7085.287818677145, -7039.236394656098, -7105.004232589558, -6992.901267839517, -7130.253464567806
-7029.361162426645, -7167.867480273405, -7207.270945336382, -7154.929344341145, -6999.495883383485, -7063.061632747682, -6986.304800014079, -7011.679093568995
-7068.124519056078, -7061.523126805888, -6993.130835712033, -7055.564978847962, -7018.313159798363, -7066.859738714226, -7070.151716983769, -7177.230184138325
-6958.160129378113, -7205.248482690708, -7067.68639351208, -7056.020561528885, -7032.051548124664, -7026.233443677268, -6995.871169956116, -7036.4872258867745
-6984.5269073503705, -7042.304450233599, -7110.876624283786, -7147.92769105054, -7097.901327346655, -7048.057936913814, -7068.009046157868, -7079.336606958838
-6981.097751080413, -7040.144055799099, -7088.29449049512, -7130.8023760870365, -6989.885727158266, -7179.410990408749, -7128.949093570412, -7034.882262974874
-7015.867918896484, -7027.638406671177, -7009.304036240246, -7293.157597686003, -6988.0807824008025, -7051.9960890896455, -6978.831192000403, -7036.282499171943
-7064.623441381458, -7009.367529022442, -7090.163362945462, -7122.387588449778, -7105.722307666916, -7020.4689163649355, -7105.54170774464, -7044.934456300872
-7046.251418996401, -7002.8543206417535, -7001.236512811212, -6993.538989980139, -7007.026135074565, -7034.178384631853, -6995.44526765678, -7075.939362224563
-7026.928974127182, -7166.588336412941, -6987.532503201776, -6976.230558799384, -7190.563101778715, -7028.583620385311, -7075.16880601629, -6993.885108829921
-7007.722959348911, -7058.004301679355, -7131.814036579539, -7048.383161825231, -7041.949676499219, -7033.136889657634, -7142.178288827737, -7577.466131968195
-6970.161467417547, -7014.251566521274, -7031.7517494687645, -7012.788287862059, -7162.030338090517, -7009.150633626347, -7049.84720361217, -6995.691477279495
-7018.423998104671, -7025.032000186326, -6991.9511475826, -6997.09163472388, -6995.422914149568, -6997.763429384303, -6997.797850298304, -7207.4535706394445
-7313.891189729875, -7012.615924776848, -7266.868915562529, -6990.076425089099, -7059.624985531022, -7049.979296610619, -7038.717980362473, -7020.979551832117
-7393.018536234272, -7112.811030037553, -7033.367052415006, -7077.08881874087, -7250.567231867099, -7182.101840054006, -7152.938983440344, -7237.978101696366
-6997.193161277013, -7058.450750942222, -7147.83499514257, -6977.115670909646, -6970.9314263023125, -7006.835969466562, -7034.498822483539, -7135.212657085761
-7045.961583701986, -7074.151908722955, -6999.166297813181, -6999.479797086802, -7086.700608124633, -6997.60063739165, -7038.781288648766, -7062.253464820321
-6996.899625583072, -7013.538383574061, -7201.7941616446315, -7016.570742305459, -6969.129585879797, -7080.835039122948, -7108.270678091705, -7029.2858839393675
-6971.269871569763, -7094.026607696883, -7064.189809135937, -6994.012011115477, -7092.9745253546425, -6993.657819800356, -7077.301959226681, -7003.267856275701
-7079.019726058689, -7095.673753462139, -7128.461412484069, -7084.993651139877, -7003.42483779684, -7021.431973959461, -7035.004156064205, -7214.334593915808
-7010.397822173992, -7015.197972380856, -7192.558322477932, -6995.741735744335, -6990.141347592123, -7013.132971581046, -7160.535875509942, -7085.345762981627
-7157.632234634156, -7139.476366003528, -7014.105581189675, -7051.462191765791, -6993.046905416551, -6971.518150743727, -7060.872649078004, -7058.671634482491
-7001.333107421424, -6986.316295620373, -6988.275646935408, -7204.557868568635, -6982.257418426649, -6982.9174956234265, -7079.212557420706, -6999.726885972296
-7122.053655236823, -6985.892711816584, -7191.372040843121, -7103.277956619611, -7017.9244293601, -7224.366840679608, -6974.662678374184, -7076.649292295028
-6999.930992893527, -7161.479073035574, -6968.655178798442, -7107.106669417923, -6968.51487084715, -6980.646045219719, -7019.589804231047, -6985.485798352581
-7094.437654568503, -7018.783100198335, -7137.641157987629, -7210.192956996928, -7031.928508261787, -7218.08641998632, -7286.6633604367125, -7006.632330452428
-6987.162160149065, -6990.543890012262, -7022.141702675114, -7052.498592369378, -6980.245707590845, -7089.376264587223, -6999.5680329620345, -7233.075885083623
-7027.976209059879, -7010.433990577634, -7048.5111249060665, -7215.230054639838, -6994.212606971161, -7171.203493609776, -7355.981920138221, -7072.75673520146
-7079.2201624783265, -7028.516987710882, -7144.152719189519, -7056.944010560915, -7132.779481901656, -6969.17532912496, -7157.2297675757245, -7044.448038520453
-7027.093839105273, -7102.219101539817, -7045.117911114162, -6997.535291008593, -6978.683172347101, -7082.3002813623825, -7012.671294825156, -6973.375764977984
-7036.574804517088, -7092.726105476039, -7131.54461406408, -7044.131482547705, -7027.30883591366, -7043.913176809582, -6968.471884724316, -7137.037775332513
-7035.472019339912, -7148.569323859365, -7018.206959644313, -7136.152279224478, -6993.712279162722, -7040.656712432085, -7273.369581996471, -6983.7121439313305
-7055.152482617572, -7080.462319751639, -7020.304960411856, -6958.399006713412, -6990.208585924253, -7123.436836476416, -7041.726888222451, -7031.667753214216
-6988.114312453986, -6959.160785157527, -7072.247989763044, -7091.24879946444, -6963.39009171218, -7025.1557480068295, -7094.258427800428, -7042.48906232793
-7090.685071666752, -6986.640245483117, -7093.446899875347, -7136.477823001065, -7099.789785232797, -6987.525218728808, -7107.041616070591, -6984.05849266737
-7039.6022366466605, -6956.407499122677, -7010.129084209771, -7025.459090105304, -6982.915319577845, -6979.692514162942, -6994.964461951984, -7027.329110297316
-7054.4450487988, -7031.285248152625, -7022.901776698136, -7036.039740679042, -7001.902601670683, -7049.824142124801, -7217.498780826898, -7021.528705069541
-7032.80425503209, -7187.7713680323295, -6971.950223395569, -7140.4204943353725, -7026.507168029077, -7014.158211450894, -7140.796414867638, -7096.401046844791
-6952.89989779779, -7006.103998194908, -7026.817885508905, -6982.5128097151855, -6990.336092197111, -6990.749941535775, -7069.772379718557, -6994.940315536292
-7148.367800597496, -7055.211555869184, -6993.014777561273, -7006.884818571207, -7613.766995493797, -7394.72403509539, -7051.237217992009, -7006.398090314027
-7103.094946939358, -7011.913088050753, -6959.923515544987, -6972.954067668024, -6944.500227156517, -7008.934429127079, -7220.978355379881, -7008.09381600182
-6967.907857357238, -6982.99793097023, -6993.34278865251, -7016.229316866718, -7109.328716600541, -7049.145489644149, -6961.164454209922, -7052.844391249395
-7016.874223585185, -6996.132007602429, -6981.252180984468, -7022.119486723671, -7057.0165707102315, -6979.9192714577275, -7062.29683967409, -7050.958408584632
-7138.989198973751, -7018.3025938954725, -6991.762534291079, -7058.336944933334, -7108.46878103877, -6957.486283732417, -6973.071735814248, -7069.857819782159
-6985.072186076844, -7060.59814744897, -6996.454726122389, -7201.985200623318, -6959.047248883059, -7057.517119239897, -6959.209226754853, -7220.669222083625
-6986.579290645251, -6971.013968544724, -7023.938720037711, -6989.845129517902, -7047.858933600063, -7021.071000508396, -6965.528471715696, -7240.535968495128
-6979.300711913907, -7017.451893707996, -6961.345669905855, -7021.878431820729, -6943.888354685305, -7023.138699780763, -6955.298797955754, -7103.476908053738
-7029.27128592291, -7002.1475055230085, -6963.592999363944, -6996.590041105628, -7028.009678346238, -6982.101463464298, -7022.729235869188, -6964.433091071394
-7022.864767650542, -6969.321148054341, -7000.368707850448, -7103.788619339006, -6970.051066367545, -7128.022334116209, -6964.03236951908, -7030.647813250468
-6991.988446875158, -7059.307316826998, -7083.782073393485, -7073.244648628449, -6941.369341829022, -6986.709209947017, -6986.80878029426, -7129.931585682233
-7006.506452443893, -7325.3129769475945, -6979.821537963983, -7115.158816520637, -7038.695313829944, -6953.253586553411, -7046.209463214685, -7110.551166602001
-7007.906745257079, -6945.708202759327, -7035.036384283652, -7220.401450757872, -6949.931390558947, -7034.014185801005, -7397.34841978837, -7057.531125505162
-6981.898072373167, -7015.593679777129, -7006.53458963285, -6981.408269395832, -6963.210853325018, -7159.711183911997, -7060.366610809526, -7121.18489792034
-7013.911902427479, -6976.114499117903, -7023.537253526995, -6966.770653323062, -6951.948622942274, -7166.431389241082, -6942.621699224058, -7066.417645656514
-6982.509279699621, -6951.228611710507, -6972.125983200801, -7084.514579263174, -6996.093143327154, -6961.015744666158, -7026.110213534208, -7082.008786413036
-7214.00547597679, -7128.212162625763, -6981.340102600472, -7027.787938472123, -6938.835703725293, -7027.06533273704, -7022.831876487215, -7047.921004244784
-7045.255610230549, -7011.928781364274, -7083.983928003191, -7029.614581552018, -7034.148932007754, -6965.8727343596875, -7131.1015633894895, -7031.781015212469
-6967.327172020003, -7118.436947743456, -7164.9371251369075, -7051.953133864468, -7033.3122840002425, -7163.903287973672, -7005.752889456978, -7011.231197592858
-6960.190978670294, -7086.176028990072, -7166.268285465791, -6948.817381900166, -6963.745621548867, -7272.439032712582, -6940.945803489056, -7521.053589346294
-6991.31372861954, -6943.564279486042, -6946.464052352679, -6985.168401800307, -7106.736664006975, -6967.554953792188, -6954.948999583356, -6973.888828733738
-7007.855022408335, -6975.794329592014, -6976.757442026228, -6961.961647292269, -7022.291671132421, -7007.265041516087, -7013.204832084146, -7013.482454701544
-6961.238374915944, -7146.062178356981, -7085.484543095362, -7013.845877756588, -7076.494767699592, -7048.418867921618, -7074.457938229074, -6962.670025624287
-7076.118703409853, -6963.789434785884, -6964.387603937894, -7054.188433029497, -7105.03093463573, -7185.177134850611, -6967.081197287651, -7156.768491471387
-7064.876628782947, -7079.638224510708, -7042.354439194404, -6995.791651191869, -7012.688538303085, -7106.206693499512, -7065.136844914782, -6987.6058879779075
-7033.086113843796, -7109.018600822453, -7204.6922426085885, -7136.68847782044, -7071.550393098212, -6952.721601966797, -7060.591491592403, -6970.971529442748
-7054.714448557905, -6958.395130069424, -6956.945303917551, -6958.321679413591, -6998.683338610494, -6931.287681774098, -7182.594625551585, -6988.647077701038
-6971.957410581067, -7103.722701474215, -6953.015647054337, -7044.646612527045, -7118.3628807800405, -6939.103425311566, -6945.282672865632, -7129.828639847894
-6945.776276738075, -6943.797630447244, -6999.0912459879855, -7092.22589822888, -7175.11439717094, -6946.2981978666785, -6993.6217677030645, -7244.562286414174
-7021.5798208482465, -7008.444119170643, -6948.990482676052, -7341.440079894769, -6982.4856430785785, -6980.823640300568, -6963.837527731355, -6963.974018803162
-6938.536403977522, -7143.326326453527, -7149.0413145851535, -7001.670826115791, -6961.97063644771, -6988.740760023571, -7028.144864166662, -7371.286314717696
-6947.842572080739, -6967.074775807042, -7035.102499341421, -7083.145901538568, -7025.082965305179, -7020.03344137132, -6959.369104350117, -7084.6230672512875
-6955.817805925527, -7194.104600380118, -7033.932943275516, -7121.266681533644, -7231.321182436711, -7021.890611337602, -7102.906330030107, -6980.841837413895
-6968.260779606181, -7014.568404789032, -6961.418940600422, -7037.259885212169, -7062.629848308049, -7102.253942416209, -6927.722709406509, -6997.504517007086
-7058.32656351002, -6967.862625408752, -6947.014887079788, -7091.385754348543, -6939.887440831145, -7051.895683830351, -7095.956405820443, -7145.0662107536755
-7060.005822118588, -7113.408828523846, -7008.0546794206775, -7092.483118901802, -6977.272056458454, -7218.14479729544, -6947.981228255139, -6958.405058459293
-7103.719743192801, -6959.207876974412, -7103.984717124031, -7092.164417620697, -6989.574866815156, -6978.4376302882265, -6941.672586584666, -7138.297302596387
-7010.550697465004, -7035.231597772634, -6972.283298290754, -7103.943465419191, -7294.888744057592, -7000.553832408944, -7021.973448203617, -7036.502157261693
-6967.904835773783, -6932.32561529664, -6934.757886359797, -6970.473678501353, -6949.381838789144, -6982.115631058634, -7049.735619649305, -7053.71327742886
-6975.141856277422, -7057.7818870351075, -6941.642555316274, -7035.664390242202, -7101.092005607982, -7025.719599046923, -7161.036104168457, -7002.224816005338
-7166.263000451802, -6986.864655381316, -7016.472008734728, -6944.0475574564725, -6998.740002503057, -7020.938170174272, -7040.401731207517, -6995.655596252464
-6978.131057456131, -7062.260578994125, -6972.186037098582, -6970.660272849575, -7192.446188408161, -6932.770310364396, -7146.027251811791, -7053.9741098331115
-7062.796301820474, -6974.321723399308, -6984.880422278507, -7063.686601917322, -7151.553491783621, -6981.0617378725265, -6966.056324597013, -6973.9015685319355
-6973.608710245966, -6957.840977546747, -7048.669948025841, -7194.10859335026, -6998.806185581612, -7070.174304105901, -7050.829159652279, -7113.445610042863
-7030.903199132865, -6962.7122699928605, -7064.445689488202, -7090.189096429018, -6977.320333061609, -6957.464604374081, -6968.9879391164695, -7020.402839819368
-7032.616230592919, -7040.020739095291, -7413.333897069625, -7064.998897986807, -7024.934210283259, -7062.0344088871425, -6948.224481319917, -6948.459760365034
-7277.955475155486, -7020.880455649506, -6993.351796022025, -7268.249613044631, -7115.999721164351, -6994.848670721458, -6940.876847657971, -7028.414814616637
-6968.038570353231, -6942.022280832612, -6937.118122332935, -7017.712895266157, -6975.779726324195, -6992.422020744075, -6977.153143857111, -7013.5009535713225
-7056.667358291066, -7131.239709125458, -6989.333303170294, -7014.508234284028, -7139.8444126608665, -7057.267161132175, -6967.947960855076, -7070.562980378228
-7307.179613044567, -6968.884957318248, -7020.9636625651065, -7140.296659480899, -6974.636499295778, -6964.969192489381, -6925.260146816895, -6989.684550981193
-7021.5230315266945, -7099.084598825978, -7115.063915740614, -7136.129772512079, -6937.988642397115, -6956.656611203383, -7002.132917875642, -7015.202260185063
-7007.226432220319, -7211.833590731215, -6950.084189879731, -7032.09440963623, -7060.536244823603, -7165.278132561554, -7047.673194867778, -7072.961415434523
-6935.403380048532, -6980.529519208696, -7199.705681820022, -6953.574146783198, -7013.854329875726, -7034.7885504494225, -6953.2582850942135, -7015.853767904599
-7009.231457209053, -6981.551337789133, -7126.962244565023, -6952.735488332901, -7085.059072843178, -6968.704819670304, -6966.893229507033, -7028.970184034235
-6955.736380823154, -6951.336810634598, -6961.925560602256, -7054.715126159646, -7056.317971941388, -6988.310896136403, -6960.67534577901, -6968.479450628301
-6967.565003148659, -7126.558697812711, -6967.183800653511, -6973.385417776889, -6974.138853221663, -6996.514144263768, -7115.711904632784, -7137.976814958675
-6920.634994322504, -7009.473246458782, -7203.690367341565, -7276.497583728747, -7002.9629788433895, -7014.03114138496, -6979.997942728193, -7020.836443874193
-7063.571965847662, -7092.790626280983, -7016.86096770055, -7108.772154741534, -7082.6182784449575, -6993.14471459013, -7003.214969329582, -7065.982124847749
-6976.392234235356, -6968.50612487075, -6950.7960099921875, -7008.750769591316, -6965.169987683336, -7007.269660307861, -7151.457127575848, -7031.602466817385
-7188.101317939547, -7002.09078572061, -6930.375407782626, -6961.306962578125, -7020.897148482523, -7009.550626894483, -6958.955593855835, -7012.757433913879
-6957.995661203156, -7064.401392433991, -7018.488011936096, -7131.313621537808, -7005.343092653531, -7060.8146016830915, -7514.178530419942, -7017.644710066311
-7115.318138103558, -6937.483124443958, -6959.147524642611, -7026.86208029445, -6954.3949102582255, -6975.3451216153435, -7018.815877676911, -7001.669190827889
-7028.017722075232, -6948.907812517944, -6936.4422259688845, -7099.238481205521, -7024.796438595582, -6961.368139811945, -6997.36282185854, -7031.8147799439885
-7007.8706350161765, -7022.503263766087, -7003.571138454633, -7014.149786308992, -7044.932067035591, -7113.0868245750235, -7099.160846721246, -7064.874639677412
-6972.349056856981, -7006.117579816835, -6947.574179845198, -6977.407813912794, -7196.955143012056, -6995.042161928419, -6988.262561895422, -7032.717677045628
-7073.382132277886, -7037.575131868747, -6972.0650494881575, -6974.920424327785, -6945.993638270372, -7062.067208175891, -6957.096412730523, -6975.232195149428
-7083.76394830656, -6976.831175485225, -7003.66418734979, -7049.722584183427, -6961.945913935528, -6943.917964573191, -7031.599796600869, -6997.434489712761
-7072.775192579627, -6974.261165711059, -6990.848692733784, -7005.044609216022, -7334.570496694295, -6977.603269797064, -7107.217987595786, -7035.03101330794
-6958.247437264279, -6960.665159640134, -6961.190785631721, -7013.105627963662, -7044.661656188826, -6930.360700185664, -6952.854364805754, -7265.760836290829
-6976.704832966596, -7080.392105237564, -7029.350044470697, -6979.465044337473, -6944.088296247743, -7028.842628526558, -7130.717757641561, -6979.762563539658
-7008.789901585742, -6967.944748248935, -6957.8042726069625, -6976.8228354613, -6977.41765926332, -6933.108116286867, -6924.743380034705, -7050.262451867732
-7144.426888856516, -7049.412022553363, -7010.934235197848, -7052.43066764858, -7048.965501956575, -6935.268221051623, -6967.503544531155, -7063.860968603141
-6951.413778085425, -7041.952055673844, -7009.246831896101, -6950.838592175946, -6982.19402875096, -6938.094957732577, -6931.044576157831, -7021.170817199149
-6948.055995721899, -7182.546910312333, -7146.192330082896, -7094.944803574333, -6973.265536236745, -6961.048328708232, -7175.707341378424, -7051.628182327585
-6994.640912578178, -6935.165097699971, -6946.53495258377, -6976.181860909164, -7213.838162660711, -6930.672053301678, -6997.678046517791, -7048.908780425938
-6951.210469709615, -6949.715456586564, -6976.058506643678, -6979.677230694633, -6966.90957836074, -7148.074742284981, -7050.938221052951, -7013.611747386168
-6939.921822424717, -6990.359729139057, -7015.249533689825, -7050.883660458067, -6975.0586857775925, -6963.1944531321005, -7007.995478590515, -6940.523105168222
-7026.502370692325, -6945.324066422606, -6963.985746907599, -6979.771538349429, -6985.576144630103, -6934.788912373911, -7050.518821469196, -6973.054890594908
-7050.915818984002, -7013.197541465007, -6946.794836360441, -7159.342747489358, -6958.179465980118, -7003.088061848408, -6930.1921722706065, -6993.374556218834
-7023.564759247223, -6991.722921175264, -6993.278525387338, -7149.04229129806, -6970.940770139884, -7102.562812389975, -7526.171744241285, -7018.248883946466
-6945.840081437431, -7113.650470470334, -6972.030402312806, -6999.689172137847, -6948.309425355111, -6935.040502323953, -7143.003188033889, -7199.384251453442
-7098.432332392976, -7025.269733377465, -6955.783314179525, -7150.661862223533, -7008.706000161027, -6966.91649146535, -6950.500782582148, -6986.215359984179
-6963.150350637042, -7002.677204128399, -6950.784541651311, -6951.6602262295855, -7075.501144675833, -6949.3967437145675, -7063.278426537486, -7080.584885769385
-6981.398516343618, -6944.627337696376, -6921.912528604538, -7036.139208105058, -6936.540196265623, -7005.913709877813, -7129.43523014129, -6984.9378998876045
-6990.811119198607, -6965.111639353814, -6974.755078402183, -6937.901898091064, -6948.402180353847, -7095.799700821337, -7046.008616642818, -6953.059919448341
-7170.934559852451, -7067.110588376611, -7029.763231808931, -6988.009051020952, -6931.288668150509, -6994.202281399277, -6943.524232767694, -7094.705421556676
-7042.322546862882, -7004.873263159588, -6940.794339253853, -7031.728621740137, -7050.093129785229, -7126.27606489728, -7236.204939822662, -6993.0757876284615
-7060.33796594334, -7192.053654936256, -6955.789337381512, -6937.990676701436, -7020.812441448061, -6971.458827846414, -6986.838018891376, -7133.017615096136
-7244.513886523898, -7128.837319324075, -6968.1432180572465, -7057.4983795131375, -7050.352121109445, -6955.264859197685, -6943.107402371495, -7028.32596602876
-7020.862684947374, -6935.649444634097, -6970.228060373123, -7024.522511056571, -7025.578821151351, -7035.564317425229, -6932.963576365027, -6926.580597758215
-6916.295663710525, -6947.622937693317, -6989.726815932791, -7124.963491418303, -6945.9727107876215, -6948.9134252206295, -6986.719749553243, -7062.315547975272
-7020.391336522987, -7025.829890678194, -6947.512116892311, -6955.10032700634, -7311.901333837364, -7151.170267606377, -7009.645613787952, -6983.624578780512
-7166.247192170538, -7003.256131726993, -6949.424309912418, -7256.915072154994, -7038.548503603798, -7098.827449617883, -6959.116521368467, -6945.676651590833
-7021.65623861621, -6981.802626962242, -7193.860249517209, -6939.496313413593, -6978.5652487213365, -7186.9603205718695, -7023.046716335042, -7017.20311242063
-6975.145197857899, -7052.559437126663, -6950.015057524421, -6951.068561984878, -7036.0506298973, -7194.74363647578, -6981.99547561441, -7187.11849692856
-7092.710634015096, -7016.988992773978, -6957.833031466942, -7211.049618210321, -7038.316669384249, -6923.473393920664, -6959.868876822929, -7029.893136517628
-7015.476344872587, -6971.062624027548, -6981.658030990278, -6973.729388992294, -6932.601698884864, -7182.466102733623, -6934.427656126483, -6993.899988172719
-6979.036720018779, -6947.683351102223, -7021.421847625741, -7053.766533459069, -7073.360767993639, -6930.794182278472, -7030.064554654522, -7360.469481931686
-7128.56216082163, -7146.2662299031645, -7008.4718193308845, -6958.887602907343, -7012.288727927404, -7040.809208832422, -7001.950732628814, -6949.753682946051
-7029.576292095568, -6946.806526891456, -7087.054186414099, -7055.045342644526, -7038.934132485504, -7005.47944510338, -7006.889272633349, -6979.990930811487
-6922.106805888479, -7036.006258468573, -7039.035217504457, -6924.880257139826, -7002.829523074466, -7147.317249036154, -7244.993829531528, -7133.639712975392
-6960.0388851788075, -6987.532277002466, -6929.264272396548, -6930.600869404332, -7011.3169677523865, -7065.612476901694, -7040.974816900301, -7094.697313522361
-7035.436566182428, -7067.129052696484, -6967.959693318478, -6974.162043467644, -7239.6055183737435, -7045.651056834972, -7011.275405345775, -7008.436525350452
-6930.325539262558, -7006.181973702033, -6942.508802837123, -6984.195536827081, -6977.304305805339, -6935.090547217681, -6940.23555437549, -7112.304826746534
-7082.772027075079, -7034.552314688174, -7020.165509718841, -7105.520638649617, -6960.57815172709, -7363.435125293273, -7007.391724836969, -7158.58976075976
-7040.34237957193, -6977.461149303481, -6939.181271873526, -7066.319795434693, -7156.94112774809, -7022.079494581925, -7191.968253112071, -7010.221893277956
-7031.907791050394, -6973.613448653008, -6954.328190614623, -7044.208104809745, -6972.020885063487, -6936.808752166965, -6924.600449981338, -7085.565724457466
-6999.9496985082715, -7071.953218333444, -6983.2922775334755, -6952.984017995069, -7010.6472065860835, -7170.639542821534, -6931.911712604655, -6968.854365248084
-7002.599412346994, -7032.8540406543325, -6923.085625631651, -6952.050903422135, -7014.9211067359665, -7006.582540720482, -7028.672120736779, -7025.377139853927
-7104.255555938602, -6981.239945303802, -6944.671205007501, -7014.846056529821, -7007.052363564484, -6963.575956945289, -7013.370228113696, -7077.881357039135
-6917.462235603308, -7129.826712132831, -6998.469460436249, -6986.659619120215, -7033.975702948502, -7077.5719474352945, -6934.372567647384, -6941.017237412385
-7011.498705415942, -6922.394867940522, -6984.887891923127, -7011.989464626305, -7127.761135965005, -6945.0199332290285, -7008.944598980216, -6958.2480561143775
-7053.1540212025375, -6924.23740182394, -6950.792791734694, -7051.459182404099, -6940.515144433107, -7169.128785495467, -6959.6097891686, -7036.241570314545
-7053.103272890235, -6971.992348560924, -7030.440222608625, -6965.26654433644, -7026.075502280275, -7202.743569280865, -6922.2003162248875, -7025.472734759561
-6940.559763136541, -7121.177537916843, -7008.884336765369, -7046.407152684752, -6947.395081232032, -6960.155264398591, -7184.3706238378545, -6994.151979119471
-7026.159283932321, -7146.276158753244, -6981.973196701216, -6996.712911706558, -7097.606371961685, -7025.236516473237, -6933.0587822500265, -6988.575987633988
-6930.567289663842, -7002.959701095501, -7113.225259313081, -6982.280211554305, -7057.906348490479, -6927.05502393923, -7029.98687632085, -7018.99742091237
-6924.937961644444, -6962.640153679475, -7071.792657292335, -7079.216240676803, -6971.773558327567, -7005.050396845433, -6986.127097424566, -6931.128130663654
-6953.2042799123965, -6928.302288877889, -6975.346111365213, -7066.266442413343, -7089.20956927308, -7196.446362733693, -7020.535669628866, -6993.1855485774795
-6999.831553433276, -6946.311833125453, -6941.546916393133, -7005.427841392262, -6991.228537591164, -7172.393585819642, -7044.604978436005, -6955.603579758544
-7007.665324166561, -6920.04094195323, -6957.674179682863, -7108.501530905561, -6993.631207452918, -7031.717082654667, -7182.630911645582, -7053.690100218709
-6951.724702497341, -6968.3776975879855, -6947.135649454073, -7019.711035310867, -6986.537106005818, -7039.12659696376, -6980.928290144773, -7073.126499080217
-7080.833617118719, -7066.666502901088, -6976.573193165346, -7005.741174388458, -7088.416618436454, -6931.044613393489, -6955.337307872774, -7109.06635980186
-6950.744679355782, -7178.8377610949165, -6971.902821055553, -7091.784042534479, -7002.771277196686, -7058.547553318233, -6958.085141523591, -7001.065776449332
-7306.301763090591, -7244.735117086954, -6959.591362699027, -7095.607073823593, -7217.014468384141, -6990.132688129723, -6967.0845507070435, -7126.466155617244
-6941.952180008511, -7001.1985577505675, -7043.903421656359, -7067.464509624547, -6993.541438341233, -7251.782272121958, -7106.7959093898735, -6964.021186992111
-6937.443281786358, -7025.653291519355, -6979.212889566719, -7146.5233544437815, -6992.041178221404, -7049.574547711989, -6938.088161096103, -6939.442598211727
-6907.987679153407, -7109.254134790034, -6942.1762182240045, -6937.50200885402, -7137.569109577505, -6957.710724561696, -7042.112687312118, -6964.160242795917
-6992.7297924439545, -7036.971527441923, -7030.017929621684, -7061.092854405006, -6946.889355736533, -6977.949782783453, -6933.102128958424, -6924.14083002399
-7106.6343477927, -7022.7752511961435, -7065.702429173913, -7149.541838940727, -6968.468288111891, -6962.660911543249, -6926.842599431592, -7240.556460193112
-6999.396434950086, -7044.915490196069, -6956.552618883455, -7004.335893049935, -7035.302047210757, -6961.000093891681, -6962.393338049112, -7147.4712120648355
-6940.773348491654, -6977.8285325293655, -7154.609197877149, -7023.469876446139, -6992.4047429842685, -7033.967824610774, -7063.440525089508, -7019.158191685675
-6958.0369201240355, -6921.692569346024, -6911.8089803635685, -6963.34381358783, -7028.0133257103425, -6998.102941047983, -7002.874032218522, -7139.794581971341
-6945.154313025889, -6920.379397433314, -6985.163935858266, -7122.384171040152, -7033.150504800406, -7194.5838857753915, -7007.288423594927, -6942.518206826116
-7425.7668591670035, -7009.153427194656, -6938.022773940119, -7019.092138094644, -6984.159522176191, -6955.791310836792, -7143.402039343008, -6925.888317490234
-6991.665269200395, -7128.952548420459, -6947.83024829517, -7005.898984146733, -7074.347083272064, -6963.093461028999, -6963.152807278572, -6960.152538632195
-7065.9290453760805, -6929.934964015011, -6968.232388282085, -6995.705343711085, -7012.201113030141, -6931.304968368761, -6943.646608243143, -7205.369868146362
-7040.245880942404, -6939.852733760199, -6937.838927398531, -7060.270370118197, -6954.257252700187, -7007.343909608931, -6958.627283476561, -7115.73018312716
-7102.578518465133, -7039.246416233759, -7043.790696644878, -7035.4143264459635, -7084.546926205141, -7153.242874582184, -6934.474601507008, -6990.762078903059
-7128.684552992032, -6943.061784143165, -6987.204384789946, -6935.395141733278, -6923.107758770276, -7060.201708996784, -6965.8723568328505, -7010.109305320791
-6915.291209352061, -6924.092072137326, -6969.192263148651, -7018.271457446784, -6924.009008671015, -6944.102711918863, -7032.167759558349, -7041.606373735606
-7045.858302790627, -6985.983184184168, -6999.6202782663095, -7071.606447894965, -7020.484462661808, -6994.348237571786, -7000.571026265248, -6978.347063885162
-7088.773970454389, -6986.617989949052, -7042.391404617929, -7049.28552050324, -7066.8933558639255, -7403.437760850521, -6910.559865135095, -7029.838447168235
-7120.164804594088, -7021.80026461784, -7083.764379111275, -7136.087797804434, -7098.442121577273, -7173.678627558499, -7073.105619845851, -6950.489947598583
-7119.161619712132, -7146.089835378168, -6962.5458468090055, -7055.577497987557, -7065.553720830652, -7034.9623498142, -7034.835638864301, -6974.971318138235
-7342.607847602169, -6943.790588908795, -6991.7817141086925, -6980.7066004638455, -7017.445362204857, -7052.852395288487, -7287.877908402137, -7001.174817428296
-7047.0078026113015, -6932.42642781477, -6988.163053917113, -6984.637288132445, -6950.523316752652, -7062.4855229435825, -7101.3701284922645, -7179.706471412826
-6997.338133282555, -6949.57335951228, -7087.293302529604, -7022.768268217634, -7122.067784157986, -7052.352070834497, -6957.728016932271, -6944.017791774031
-7007.882202683876, -6965.333189113857, -6984.312107072555, -7043.724362461368, -6922.27880545829, -6951.360080595453, -6937.362888843745, -7075.4072976608895
-6965.563518624704, -6921.2536057941315, -7096.730272900222, -6919.086794204291, -6968.897429256432, -6954.868334017141, -7229.416874166186, -7102.8796321764
-7069.240315015877, -6986.62182304781, -6976.071116347542, -6923.895398398048, -7307.351167073424, -6995.741494665514, -6951.498502966877, -6981.623178102745
-6934.696827008988, -6970.446482072955, -6919.274904749153, -6977.572364999272, -7151.324433636422, -6957.352669884217, -6934.50890102948, -7029.28801661027
-7083.620722784522, -6945.445786036399, -6996.33385919845, -6986.35723655996, -7047.279270541571, -7099.76487568586, -6988.901937799397, -7169.884953852606
-6924.723669150009, -6978.454857637435, -6979.644617992328, -6973.844287891331, -7022.620146986656, -6948.334323723277, -6966.876348947176, -7114.384945364686
-6950.368957052817, -6935.851182328413, -7048.040145742083, -6991.962759175516, -7079.655478043189, -7134.95360478643, -6924.824720959618, -6984.263802648483
-7063.502141607159, -7027.750023279158, -6927.763799018236, -6950.09626813636, -6943.121663229876, -7087.016220387917, -6957.7472053675065, -6966.3760125362205
-7023.104607647885, -6997.593211823867, -7008.322154993836, -7010.18414181696, -6963.535619584699, -7172.9472392712705, -6913.199409783344, -6994.463627842459
-7049.49613028656, -6976.007584302458, -6996.8580716175375, -6929.481317207111, -6964.432648000796, -6954.187171339375, -6928.667468035203, -7016.698123743067
